id,brand,model,price,processor,ram memory,display size,storage capacity
5bffcd46c3,apple,MacBook Air,10,4,2,4,3
24305711ad,lenovo,Ideapad 1,4,1,1,7,2
822dfcd434,dell,Vostro 3520,7,3,4,11,4
217f013439,acer,Nitro 5,7,5,4,11,4
afc24e7af0,hp,Victus 15,10,3,4,11,4
16067d2751,apple,MacBook Air,25,7,2,11,4
ec264ee005,lenovo,V15 celeron,8,1,1,11,3
68848b576a,hp,Victus 15,10,3,2,11,4
dd5ad287ae,hp,Victus 15,15,3,4,11,4
c796a503a8,acer,Aspire 5,31,3,2,11,4
bbe8bee61c,dell,Vostro 3520,8,2,2,11,4
a6b3af13b4,acer,Nitro 5,8,3,4,11,4
b50ecce78a,acer,Nitro V,11,3,2,11,4
e53a16f2bc,acer,Nitro V,16,5,4,11,4
36c2e1270f,hp,Victus 15,24,3,4,11,4
c5479808a3,hp,Victus 15,5,3,2,11,4
d89205c7ae,dell,Vostro 3520,15,2,4,11,4
012a16c221,acer,Nitro V,25,3,4,11,4
587405910d,hp,Victus 15,12,3,4,11,4
217fab8a83,acer,Nitro V,24,3,2,11,4
7f992eb8db,acer,Nitro V,16,3,4,11,4
34741644ab,lenovo,ideapad Slim,11,3,2,11,4
b34bc59185,dell,Latitude E5470,16,3,2,7,3
9ee7a34d77,lenovo,Ideapad Slim,8,2,2,11,3
ab3627d1f9,mi,Notebook Pro,26,3,4,7,4
0f245a3661,acer,Aspire 5,42,2,2,11,5
c87feaa0c3,dell,Celeron 5470,35,1,2,7,3
0c37e930fd,acer,Aspire 5,16,2,2,11,3
ca07d42844,dell,Vostro 3520,16,3,2,11,3
0f6b524dbd,apple,MacBook Air,10,6,2,6,3
c42cd86d26,asus,Zephyrus G15,12,8,4,11,5
05dbfdfc5f,asus,VivoBook I512th,15,3,4,7,4
f45145790e,dell,Latitude E7390,6,3,2,4,3
af422d4d01,avita,Magus Cosmos,10,1,1,2,1
a67afa6ad0,asus,Vivobook Go,16,2,2,11,3
f1e135a3f7,dell,Latitude E5300,15,3,2,4,3
c3940f96bd,dell,5470 Intel,16,1,2,7,3
a47ad9dbea,asus,ZENBOOK 14X,11,3,2,7,4
e8ef92950f,hp,Victus 15,17,3,4,11,4
c6a79de2b4,asus,ZenBook 14,5,3,2,7,3
7e86fa182f,lenovo,IP Slim,10,3,2,11,4
b8176c58ab,lenovo,V14 Celeron,20,1,1,7,3
2f2d30a2b8,dell,Vostro 3520,12,3,2,11,4
0f59a2a896,dell,Inspiron 15,10,2,2,11,4
4e68293e5a,acer,Swift 3,8,5,2,7,4
73a4f334a1,dell,Vostro 3520,10,2,2,11,4
54e23d4745,dell,Vostro 3520,11,3,2,11,3
6ebf92e0ff,chuwi,GemiBook X,13,1,2,11,3
08adb7f9eb,dell,G5 15,16,3,2,11,3
d02745d817,dell,Vostro 15,11,3,2,11,3
a17459b25e,acer,Aspire 3,15,2,2,7,4
9176c1a491,lenovo,IdeaPad Flex,13,2,1,7,2
e68362eea4,dell,Inspiron 3511,12,2,2,11,3
37484d10c5,lenovo,IP 3,12,2,2,11,3
b94ee33971,asus,Vivobook Go,15,2,2,7,3
f6758eef3e,acer,Travelmate P2,11,3,2,7,4
d4bb88ab23,lenovo,IdeaPad Slim,21,2,2,7,3
7da74a8789,hp,Pavilion Aero,11,3,4,4,5
9fb005ed56,asus,Zenbook Q410VA,16,3,2,7,4
47cbe94f53,asus,ZenBook 14x,6,3,2,7,4
a923979828,acer,Predator Helios,11,5,4,11,5
5281c80695,lenovo,Legion Slim,4,5,4,11,5
a510955e82,asus,GA401Q Zephyrus,5,5,2,7,4
0ffbefe552,lenovo,LOQ 15IRH8,27,3,2,11,4
b5093fcb4f,lenovo,Ideapad 1,7,1,2,11,3
2580e82854,asus,Vivobook Flip,26,5,4,7,4
a5f18db7b0,asus,vivobook pro,5,8,4,12,5
5471477f0b,chuwi,HeroBook Plus,32,1,2,11,3
f10b9c80b9,asus,Vivobook 14,8,3,2,7,4
488f3e0887,acer,Swift Go,35,3,4,7,4
17e7a634d3,dell,Inspiron 15,10,2,1,11,5
4890dd5064,dell,Inspiron 15,7,3,2,11,4
b6f229b91c,lenovo,IdeaPad Slim,11,3,2,11,4
2291b2aa43,dell,Latitude 5480,17,3,2,7,3
4956d86c29,hp,255 G8,17,5,2,11,4
d42de3d98b,dell,Vostro 3520,10,3,3,11,4
e245a615fe,honor,MagicBook X14,13,3,2,7,4
7dd1f9720c,lenovo,V15 celeron,25,1,1,11,3
adf5b28e9f,hp,Pavilion 14,14,3,2,7,4
f09ca72499,dell,Inspiron 3520,37,3,2,11,4
abb9121849,acer,Aspire 5/Core,17,2,1,11,5
f8b75b2a79,dell,Vostro i5,10,3,2,11,4
3b8e6d5cc6,acer,Aspire 5,21,5,2,11,4
6e34bcfc72,dell,Inspiron 3501,20,2,1,11,3
061bd8c556,gateway,GWTN156 Ryzen,13,3,2,11,4
74b66b6d02,asus,Vivo Book,15,3,2,7,4
0b3baf7732,lenovo,Flex 5,31,5,4,11,4
ab7f47d663,dell,Vostro 3520,11,5,2,11,4
acc723533a,acer,Aspire 5,22,3,2,11,4
e4e7bb402f,hp,ProBook 440,19,3,2,7,4
85882e3ea5,hp,Envy x360,10,5,4,7,5
d488f50fb8,dell,Vostro 3510,13,3,2,11,4
8d98bc9ef9,dell,Vostro 3510,100,3,2,11,3
52f98984ef,hp,14 Fq0051Nr,21,2,2,7,3
141c233c7a,dell,Vostro 3510,60,3,2,11,4
6490a9be50,acer,Aspire 3,23,3,2,11,4
9dad135aaf,dell,Vostro 3510,13,3,2,11,5
9c093e0d89,hp,Pavilion X360,13,3,2,7,3
b9a6d3eb71,lenovo,Ideapad 3,11,3,2,7,3
2ccc542fc1,dell,Vostro 3510,18,3,2,11,3
5d4ee82e27,hp,ENVY x360,15,3,2,7,4
148fa9659b,dell,Latitude 3410,38,3,2,7,3
3e4ea8a0ae,lenovo,V14 Celeron,11,1,1,7,3
6ab82a612c,lenovo,Ideapad 1,14,1,2,7,3
e15184d624,lenovo,IdeaPad 1,16,1,2,7,3
09af8451e3,dell,Vostro 3520,18,3,4,11,4
3616663592,acer,Aspire 3,16,3,2,11,4
9821d768de,lenovo,ThinkPad P14S,15,5,4,7,4
9c5f75acf4,lenovo,Ideapad1 Intel,12,1,2,7,3
50f68d9dbd,dell,Vostro 3520,20,2,2,11,3
4bd11670aa,dell,Latitude 7420,37,5,4,7,4
5873a065a2,dell,Laptop 3520,19,2,2,11,4
bc99331b7d,acer,Aspire lite,10,2,2,7,4
91be511ecb,lenovo,IdeaPad 1,20,3,2,11,3
d715de3e96,apple,MacBook Air,14,6,2,6,4
51f267e9dc,dell,Vostro 3520,10,3,2,11,3
40587297ed,acer,Aspire 3,18,3,2,7,4
13bd818985,dell,Vostro 3520,15,5,2,11,4
675fde1716,lenovo,IdeaPad 3,21,3,2,11,4
cfe9be34c9,acer,Swift Go,21,5,4,7,4
1632dc1a18,hp,Spectre x360,22,5,4,5,4
b087e4b6fa,asus,Vivobook S,12,3,2,7,4
e8d7b2f0f2,lenovo,IdeaPad 1,15,3,2,7,4
6d49f80a5e,lenovo,Ideapad Slim,26,3,4,11,4
634c5ed25e,lenovo,2023 IdeaPad,15,3,2,7,3
6b2a7889bd,acer,Intel Core,11,5,2,7,3
9723a709fa,dell,Inspiron 15,29,5,2,11,4
792960f73d,dell,Inspiron 16,51,3,2,11,4
d8fc3616b5,asus,ZENBOOK 14X,13,5,4,8,4
68e12cb3b5,asus,Vivobook 15,22,5,2,11,4
e8257e465b,hp,Envy x360,33,3,2,7,4
d2ecec2976,lenovo,V15 G3,12,3,2,11,4
c632208068,dell,Inspiron 3520,29,3,2,11,4
be4d33368c,avita,LIBER E,13,3,2,8,4
fa24419ea6,asus,zenbook 17,16,5,4,16,5
bc9760ce19,lenovo,ideapad 3,53,2,1,11,5
47b2753f7f,dell,Vostro 3520,11,3,4,11,4
dc2ecc27a1,dell,Vostro 3520,11,3,2,11,4
c4bed7b6d8,asus,Vivobook 14X,13,5,4,7,4
14fc55f212,dell,Inspiron 3511,10,3,2,11,4
e39e8afbd5,acer,Aspire 3,29,3,2,7,4
ec684423bf,dell,Inspiron 7506,21,3,3,11,4
766fd7d620,dell,Latitude 5530,22,5,2,11,4
552bc49a80,asus,ROG Zephyrus,30,8,6,12,5
0e57578459,huawei,MateBook D15,30,3,2,11,4
7cf7242902,dynabook,Tecra A40,21,5,4,7,5
5efa0ed0a6,msi,Laptop Modern,25,3,2,7,3
babfa44db5,dell,Wyse 5470,25,1,2,7,3
496e8bdf51,dell,Inspiron 15,13,2,1,11,5
1634422d79,apple,MacBook Air,26,7,2,10,3
445d281d3f,lenovo,Ideapad Flex,36,3,2,7,4
33ae619611,lenovo,Ideapad Slim,11,3,4,11,4
ae4af2eb63,msi,Laptop Creator,27,5,4,10,4
16cc09183b,lenovo,IdeaPad 1,15,3,2,7,4
7504a44041,msi,Modern 14,22,3,4,7,4
2368368a30,msi,Laptop Modern,32,3,2,11,4
9527887e34,lenovo,IdeaPad 1,6,5,2,7,4
3dbafd932e,asus,VivoBook I5,91,3,2,7,4
d54f8d91d7,dell,Vostro 3400/I5,19,3,2,7,3
6622265cfe,msi,Laptop Modern,32,3,2,11,4
7e54658027,msi,Modern 14,37,3,2,7,4
e28d0971f7,dell,Latitude 3440,11,3,2,7,4
e68d4ced59,msi,Modern 14,27,3,2,7,4
1f5f563936,dell,I5 11th,15,3,2,11,5
dd90ac7780,asus,Exportbook B1402,13,3,2,7,4
d09440a42e,acer,Swift 3,6,3,2,7,3
906917721c,acer,Aspire 3,49,3,2,7,4
27389d3c06,lenovo,ThinkPad T14,37,3,4,7,4
c5aed6b4c1,dell,Vostro 3520,22,2,2,11,4
49f907939d,dell,lnspirion 15,11,5,2,11,4
549ed6d844,msi,Modern 14,19,5,2,7,4
ab0ec730e6,asus,VivoBook M1405YA,18,5,2,7,5
6b15971d31,msi,Modern 15,13,5,2,11,4
1af86b886f,nova,Pro(32/1TB) |,20,5,6,10,5
9baf4ed3de,asus,Vivobook Pro,22,5,4,7,5
77eebdd25c,dell,Inspiron 7430,39,5,2,7,5
8c97c3f338,asus,Vivobook Pro,11,5,4,7,5
4c92e30d3b,acer,Aspire 5,45,2,1,11,2
4834fabe23,asus,vivobook 15,9,3,2,11,4
2d932d980e,hp,Laptop 15,8,2,1,11,3
d38263ff36,asus,zenbook 14,18,5,4,7,4
3190289419,dell,Vostro 3520,14,3,4,11,3
00866757dc,asus,Vivobook Flip,6,8,4,7,5
3cc001963d,asus,Vivobook Pro,24,5,4,7,5
48021be103,hp,15s du2101TU,16,3,1,11,5
4d6ae15441,dell,Inspiron 15,15,2,2,11,4
72ce588768,asus,ZenBook Flip,26,5,4,11,5
cf2edd8717,asus,Vivobook Go,36,2,2,7,4
1a5d286c62,asus,VIVOBOOK 15X,20,3,2,11,4
6da20d8ad6,asus,Zenbook 14,32,3,2,7,4
4126297235,asus,Vivobook Pro,13,8,4,11,5
f34b6eefd8,asus,Zephyrus G14,34,8,4,7,5
5ab98eb972,msi,Laptop Modern,23,5,2,11,4
b530caf78a,dell,vostro 3400,48,3,2,7,3
f704e949f8,dell,Inspiron 14,36,5,4,7,4
3b9f5db99d,msi,Modern 14,13,5,2,7,3
8427e9391d,asus,Vivobook 14X,35,8,4,7,5
bf7d1e8bb8,dell,Latitude 3420,10,3,2,7,4
edcbc3a901,dell,Vostro 3401,20,2,1,7,3
bd44e21288,xlab,x Book,13,2,2,11,3
1b9aac9212,asus,Zenbook 14,12,5,4,7,5
9c5b90c9f1,asus,Vivobook Pro,36,8,4,7,5
f9de3ee931,asus,Zenbook S,10,5,4,4,5
c976bd304f,asus,Vivobook Flip,13,3,2,7,4
be1762b0ed,asus,Vivobook 14X,10,5,5,7,4
6d90608007,asus,ZenBook 14,15,5,4,7,5
48a4ffde59,hp,15S EQ2120AU,9,5,2,11,4
908994f7ec,mi,Redmibook 15,39,2,2,11,3
74669c38a4,dell,Inspiron 16,8,3,4,12,4
f8237d929d,asus,Vivobook Flip,12,5,4,7,5
8f42250992,asus,Zenbook 14,19,5,4,7,5
9f93245715,avita,LIBER V14,30,3,2,7,4
b08b1b4b8b,asus,ZenBook 14,16,5,4,7,5
9cbe0afc25,asus,Vivobook M1503Qa,28,3,2,11,4
466ee7b998,lenovo,IdeaPad 3,9,2,1,11,3
59c078746e,asus,2023 Zenbook,24,5,4,7,5
bcb707d4d2,dell,Inspiron 14,18,3,2,7,4
413b3ff1a7,dell,Vostro 3520,22,3,2,11,5
74ab520df6,asus,Zenbook Duo,12,5,4,7,5
20c84891f5,asus,VivoBook 15,30,3,2,11,4
fe0f7a53cd,asus,Vivobook 15,40,3,2,11,4
12000275a3,asus,Vivobook 15X,11,3,2,11,4
d73c50c302,asus,vivobook flip,63,3,2,7,4
56f732c10c,mi,Redmibook 15,12,3,2,11,4
9c3cbf297a,avita,Liber E,35,3,2,7,3
08c1224abf,asus,VivoBook 15,22,5,2,11,4
e251caa058,dell,Inspiron 16,13,3,4,12,4
1b8b27e562,dell,Inspiron 16,18,5,4,12,4
9f9e3c2665,hp,15 dw3021,32,3,2,11,3
43714cc3a1,asus,Vivobook 15,34,2,1,11,3
62643dfbf4,asus,Vivobook Flip,21,5,2,7,4
1e87ad01b3,dell,Inspiron G15,60,5,4,11,4
9665f26c63,chuwi,CoreBook X,48,1,2,7,4
7db1a10239,avita,Satus Ultimus,18,1,1,7,3
d252803285,dell,Vostro 3520,18,3,2,11,3
444b44d892,asus,Vivobook 14,44,5,2,7,4
c11bb61662,dell,Inspiron 16,19,3,2,12,4
b8ca2d743c,asus,Vivobook 14,20,2,1,7,3
ff64c71220,avita,Essential Refresh,22,1,1,7,3
90a676d61f,asus,Vivobook 15,18,3,2,11,4
ac5d117a46,dell,Inspiron 15,30,3,2,11,4
67007c652b,lenovo,IP3 Ryzen,14,5,2,7,3
fd36fb8f9c,xlab,x Book,23,2,2,11,3
7031fa7d7c,asus,Vivobook 15,40,2,2,11,3
3a4b02359e,asus,2023 Zenbook,41,3,2,7,4
ed1555fb40,dell,Inspiron 16,13,5,4,12,4
6cb33e4654,dell,INSPIRON 3501,17,3,2,11,4
447d654296,lenovo,ThinkPad E14,14,3,2,7,4
e58a244b2e,asus,World'S Smallest,33,5,4,4,5
172b989d2c,dell,Inspiron 15,23,3,1,10,5
44cab62c17,hp,15s Intel,10,3,2,11,4
77e370a59b,dell,Inspiron 16,21,3,2,12,4
7fdb5d7e48,dell,Inspiron 14,14,3,4,7,4
efaedb79a3,dell,Inspiron 14,53,5,4,7,4
6994c79689,lenovo,Ideapad Slim3,46,5,2,7,4
7cd3f4de29,asus,VivoBook 14X,21,3,2,7,4
dbbe499391,dell,Latitude 3440,36,3,2,7,4
200f890720,lenovo,Thinkpad L14,46,3,6,7,5
dfd0a70306,dell,latitude 3410,47,3,1,7,5
5d57be033f,asus,Vivobook 15,19,2,2,11,3
89176fa146,dell,Inspiron G15,19,5,2,11,4
40ba03be44,acer,Aspire 5,18,3,1,11,5
5b323037c6,asus,Vivobook 14,28,2,1,11,3
f5c91532e9,hp,15 fc0093dx,28,3,4,11,3
aabf94c791,asus,Zenbook 14,15,3,2,7,4
eafc6eb337,dell,Inspiron 16,15,5,4,12,4
d12f119787,dell,lnspiron 15,0,5,2,11,4
e5c1ae6c5c,dell,Latitude 5420,31,3,2,7,3
b861dfdda5,dell,Inspiron 15,11,2,2,11,4
2acd9cfc1d,acer,Nitro 5,9,3,2,11,4
e5d9d96dfb,dell,Latitude 13,48,5,2,4,3
1af484d464,hp,Envy x360,19,3,2,7,4
f4bc4002a1,acer,Swift 3,8,5,2,7,4
316e6a1259,dell,lnspiron 15,13,5,4,11,4
045a559c4d,dell,Inspiron 7391,59,5,2,4,4
ec1f2fce68,msi,Sword 16,11,5,4,11,5
c3d8721d25,acer,Swift 3,17,5,4,7,4
c8b7f3fc89,acer,Aspire 5,32,3,2,11,4
0fb833ebdb,dell,G5 15,31,5,4,11,4
b2ee246b95,acer,Aspire3 A315,21,3,2,10,4
f18c261dff,asus,VivoBook 14,68,2,1,7,3
c3c9a39f93,apple,MacBook Pro,46,4,4,14,4
5305d61a9e,asus,Vivobook 14,19,5,2,11,4
366aed43df,apple,MacBook Air,15,6,5,6,4
602dc5f27b,msi,Modern 14,27,5,2,7,3
bc7e5e3ac9,dell,Inspiron G15,15,5,4,11,4
c7550345ac,acer,Aspire 3,24,3,2,11,3
3f6ac5683e,asus,VIVOBOK ,13,3,4,7,4
24862bb5bc,dell,Vostro 3400,12,2,1,7,5
0cb4444052,msi,Cyborg 15,15,5,4,11,4
6702150b96,apple,MacBook Air,27,6,4,6,4
04bb571a62,msi,Cyborg 15,21,5,4,11,4
88b1cd5abc,dell,Inspiron G15,14,5,4,11,4
7ba1a0a5d8,msi,Modern 14,19,3,2,7,3
2060f802e7,asus,VivoBook 14,16,2,1,7,5
7538817c03,dell,Inspirion 3501,27,3,1,11,5
2e0d124128,dell,Vostro 3400,13,3,4,7,5
169fff2a37,asus,Vivobook Flip,37,5,2,7,4
0f8ba322d0,dell,Alienware M15,14,5,6,11,5
2a6272b025,asus,Vivobook G0,7,3,2,11,4
08e38b9b21,dell,Inspiron G15,18,5,4,11,4
ad87e790a4,dell,Inspirion 3501,8,3,1,11,5
084b3ade37,asus,TUF Gaming,29,5,4,11,5
cabd6bbf70,asus,ROG Zephyrus,25,5,4,11,4
4c680a6d4e,dell,Inspiron 14,16,3,2,7,4
dce53b0e28,asus,ROG Zephyrus,14,5,4,11,5
f732a18a3e,dell,Latitude 3420,26,3,2,7,3
b2757cd8f3,dell,lnspirion 15,50,5,2,11,4
c66fe1a316,asus,ROG Strix,25,5,4,12,5
79e0bcdb0e,msi,Laptop Katana,32,5,4,11,4
c829e6f67c,msi,Thin 15,10,3,2,11,4
8f58c3a729,asus,Rog Strix,9,8,4,11,5
57a32708db,dell,Vostro 3520,34,3,2,11,3
a7807bbb6f,msi,Laptop GF63,55,3,2,11,4
6240d8954b,asus,TUF Gaming,24,8,4,11,5
5f060ef263,msi,GF63 Thin,60,5,2,11,4
80955899cb,apple,MacBook Air,86,6,4,6,5
ea56d0f860,hp,15 EF2126,13,3,2,11,3
f58e99cf0f,dell,Vostro 15,5,3,2,11,4
36a2f7a714,dell,XPS 15,26,5,6,11,5
a90d955283,acer,Swift 3,11,5,2,7,4
9edbb4a134,asus,ZenBook 14,13,5,4,7,4
142674d1e7,asus,TUF Gaming,37,8,4,11,5
4acc884ad8,msi,Laptop GF63,47,3,2,11,4
998c45a480,asus,TUF Gaming,11,5,4,11,4
302f1052dc,dell,Inspiron 16,41,5,4,12,4
d194c37e40,dell,Latitude 3420,9,3,2,7,4
8114a3cf8f,asus,TUF Dash,61,5,4,11,5
b4cffd5d96,msi,Laptop Pulse,57,5,4,11,4
ea51e8081a,msi,Laptop GF63,42,3,2,11,4
7035d688cb,msi,Laptop Katana,11,3,4,11,4
d397ad88d6,msi,Cyborg 15,9,5,4,11,4
e7c5e0ffd5,dell,Inspiron G15,38,5,4,11,4
b87cbb6d4d,apple,MacBook Pro,16,7,2,7,4
6327077804,hp,EliteBook 835,9,5,4,4,4
f9213da77b,apple,MacBook Air,43,7,2,6,4
58daeeeda3,msi,Cyborg 15,42,3,4,11,4
4e55ab06d1,asus,Vivobook X1502Za,10,3,2,11,4
b3f7026dcb,asus,ROG Strix,14,5,4,11,5
7c96a9b8ab,asus,TUF Gaming,68,3,2,11,4
3aff7f60d6,acer,Aspire 5,5,3,2,11,4
38a9cfda2d,acer,Aspire 5,30,3,2,11,3
3dac94fe7c,lenovo,Ideapad V15,18,1,1,11,3
4b7f1fae06,asus,ROG Strix,7,5,4,11,5
e6bc48b542,asus,ROG Strix,15,8,4,16,5
9f74587ba0,asus,rog flow,11,8,4,4,5
70c8a333f5,asus,TUF F15,9,5,4,11,4
a431b19f91,asus,Vivobook Flip,33,5,2,7,4
842893bddd,asus,ROG Strix,13,8,4,11,5
e75b067606,hp,14z Laptop,11,3,2,7,3
d08c0f2b65,asus,TUF Gaming,21,5,4,11,5
9355713399,asus,TUF Gaming,6,5,2,11,4
c67244e8a9,chiwi,MiniBook X,18,1,3,1,4
d561311607,dell,Latitude 7490,15,3,2,7,3
f771ca4687,hp,15S Intel,19,3,2,11,4
0c71db88f3,asus,TUF Gaming,15,3,2,11,4
361db8aff7,acer,Aspire 5,17,2,2,11,3
27410897f2,apple,MacBook Air,58,6,4,6,4
672da00743,apple,MacBook Air,12,7,2,6,3
e585361095,apple,MacBook Pro,11,4,6,12,5
5d42bbf4a0,asus,VivoBook S,31,5,4,7,4
be109b9704,hp,14S FQ1052AU,38,2,1,7,3
65b8518b39,asus,VivoBook 15,8,3,2,11,4
eff46a3496,asus,TUF Gaming,11,3,2,11,4
bf4ddd9073,asus,Zenbook Flip,11,5,2,11,3
8f765464d8,acer,Aspire GO,9,3,2,7,4
4efc4d432e,asus,TUF Gaming,27,3,2,11,4
edb47f7d37,apple,MacBook Air,15,6,5,6,5
9310435ab6,dell,Vostro 3520,16,2,2,11,3
ae09089fed,lenovo,ThinkBook 14,27,3,2,7,3
012daea825,apple,Macbookpro 14.2‑Inch,16,4,4,7,5
17c850afd4,hp,14 Core,14,2,1,7,2
558202321a,hp,Elitebook 845,32,3,4,7,4
5f1284742e,apple,MacBook Pro,9,4,4,12,4
33abd46ed9,dell,Vostro 15,70,3,2,11,3
e0971869c7,lenovo,Ideapad Slim,10,3,2,11,4
9366b11c8c,hp,14 ,32,2,2,7,5
43643dd1df,apple,MacBook Air,15,7,2,6,3
185aa5fd1f,asus,Vivobook X415Ea,17,2,1,7,3
18ee3d315a,acer,Predator Triton,9,5,4,7,4
bf1cb8c9f1,apple,MacBook Pro,17,4,4,12,5
5af48ec3de,apple,Macbook Pro,10,4,6,12,5
4d569dce11,lenovo,IdeaPad 1,6,3,2,11,3
21ffac2d26,apple,MacBook Pro,75,4,4,12,5
d9ec5001ac,asus,ZenBook Q420VA,12,5,4,7,4
e96f23004a,acer,Aspire 5,6,3,2,11,4
a822723a98,apple,MacBook Pro,12,4,4,7,5
1dc0f1a227,lenovo,Ideapad 3,30,3,2,7,4
19825a78f6,acer,Aspire 5,26,3,2,7,4
b3e6581d84,dell,Inspirion 3501,15,5,2,11,4
205626354f,asus,VivoBook 14,22,5,2,7,4
2dfd384f56,lenovo,ThinkPad Z13,11,5,4,4,4
880b8764e9,lenovo,Thinkpad L14,14,3,4,7,4
332bdade03,acer,Aspire 5,9,5,2,11,3
87f320536b,apple,Macbook Pro,24,4,4,12,5
24819679d8,dell,Vostro 3520,16,3,4,11,3
86ba3f3a8f,acer,Aspire 5,13,3,2,11,3
2d1613588e,apple,Macbook Pro,11,6,5,4,5
a0a7633cda,lenovo,Laptop 4,11,1,1,11,3
e80d9a3989,asus,ZenBook Q408UG,4,3,2,7,3
9377d279ee,acer,Aspire A514,9,3,2,7,3
87bf10889f,hp,Envy i7,10,5,4,7,5
492390c3d7,acer,Aspire 3,10,3,2,11,3
0d199a8f1a,lenovo,V14 Celeron,17,1,1,7,3
07aa666d84,dell,Inspirion 3501,21,3,2,11,4
399d227610,hp,Notebook 14,13,2,1,11,3
ff4f44d731,dell,"VOSTRO 14""",13,3,2,7,4
e013314d73,acer,Nitro 16,8,5,4,11,5
2fb1518efb,acer,Aspire 5,13,2,1,11,3
9860fa1500,dell,Wyse 5470,14,1,2,7,3
8851e6bd9e,hp,15 255,16,5,2,11,4
69d9acee9c,acer,Aspire 5,30,5,2,11,4
c80642232c,acer,Aspire 5,20,3,2,11,4
37511423e7,lenovo,IdeaPad L3,9,1,1,11,3
82993a8b79,dell,Latitude 3420,22,3,2,8,3
db90650db6,dell,Vostro 3520,10,3,2,11,3
8f885ca53d,acer,Swift Go,9,3,4,7,4
1a50522e2b,dell,Vostro 3500,9,3,1,11,5
9522431b9e,dell,XPS 13,18,5,4,4,4
af4291c834,acer,Aspire 5,4,5,2,11,4
9fac65dd0c,lenovo,Ideapad Celeron,13,1,1,7,3
4e72a3cab5,asus,ZenBook Q410VA,16,3,2,7,4
63334ec0ef,dell,Vostro 3520,11,3,2,11,4
fbf1ce919e,asus,Zenbook 14,15,3,2,7,4
767a5286f4,asus,VivoBook F415EA,9,3,2,7,3
c7f19a4a7a,dell,Inspiron 3520,17,3,4,11,4
49dff1014c,lenovo,Ideapad 1,31,1,1,11,3
a2640453f0,dell,Alienware M15,10,5,4,11,5
d348470c37,hp,240 G9,23,5,2,7,4
4bd7f78298,lenovo,Legion 5i,14,5,4,11,5
6de452cbf5,dell,inspiron 3501,14,3,2,11,3
2e6842e22e,lenovo,ThinkPad E16,7,3,4,11,4
37c5e95a9c,acer,Aspire 3,21,2,1,11,3
4601c773ae,lenovo,Flex 5,25,5,4,11,4
29c56e608d,acer,Aspire 5,82,3,2,11,4
b0a049e082,dell,Inspiron 3511,19,2,2,11,3
575af50503,lenovo,Legion Pro,20,8,6,12,5
7aff00b2ab,asus,TUF A15,14,5,4,11,4
9bb0fb009d,dell,Latitude E7480,20,3,2,7,3
c0d77e9896,lenovo,IdeaPad Flex,12,3,2,7,4
973fb76022,acer,NITRO 5,10,3,2,11,4
bb742ef5a1,acer,Aspire 5,17,3,2,7,4
7f8685869c,dell,Inspiron 3520,12,3,2,10,4
3b8ee92fd5,lenovo,Ideapad 1,11,3,2,7,3
c44b848c64,msi,Modern 15,11,3,2,11,4
418f8557dd,hp,Elite x360,10,5,4,4,4
a6838a922b,acer,Aspire A514,21,3,2,7,3
34d9570a6a,lenovo,LOQ Gaming,6,3,2,11,5
100249eb17,acer,Aspire 5,12,3,2,11,4
3edadfed2f,lenovo,Legion Slim,24,5,4,11,4
fbe5428090,acer,"Aspire 5,",16,3,2,11,4
50e367c895,lenovo,V14 Celeron,10,1,1,7,3
3a65de1c2c,hp,Probook 440,12,3,2,7,4
ad05f6eda9,lenovo,Ideapad 3,12,3,1,7,5
fa167b391c,acer,Aspire A14,22,3,2,7,4
9ae83ceec1,hp,15 i3,12,2,2,11,3
6ee467a5c4,lenovo,Flex 7,9,3,2,7,4
0c58a77d01,acer,Nitro 5,20,5,2,11,4
4fd43cf97f,dell,Vostro 3520,20,3,4,11,4
4e69ca77b3,dell,Vostro 3520(Intel,11,3,2,11,3
7bf4146fd5,acer,Aspire Lite,21,2,2,7,4
5dc2215466,asus,Expertbook B1402CBA,30,3,2,7,4
8db8b34f9b,acer,Aspire 3,5,3,2,11,4
283379d4c3,lenovo,IP 1,22,2,1,11,3
8f24e6f0c4,acer,Extensa Laptop,7,3,2,11,4
ec53eea606,asus,Expertbook B1402,17,5,4,7,4
80f47b64d5,hp,Pavilion 14,13,3,2,7,3
d1205adfe6,lenovo,Ideapad 1,20,3,2,11,3
4f3381cbef,hp,Laptop 15s,19,3,2,11,4
8239eb1801,dell,Vostro 3500,12,3,2,11,5
ffd4a74c78,asus,Vivobook S13,39,3,2,4,4
43834df971,dell,Inspiron 7300,14,5,4,4,5
3363f2efac,lenovo,V15 Intel,16,3,2,11,3
6f12d48ebf,dell,Vostro 3520,24,2,2,11,4
a29816f7c6,acer,Aspire 3,27,3,2,11,4
0e082ffda2,acer,Swift Go,10,5,4,7,5
c0e3037b5b,dell,Vostro 3400,21,2,2,7,4
ed585afd59,acer,Aspire 3/,11,3,2,11,4
40f19aa7c1,acer,nitro 5,11,5,4,11,4
d403c9631b,hp,ProBook 440,15,3,2,7,3
9f17a355bd,acer,Aspire 5,21,3,2,11,4
6e213cfdf5,asus,Vivobook Go,10,3,2,11,4
9383fadc26,lenovo,ThinkBook 14,31,3,2,7,4
a382438f47,hp,Envy x360,14,5,4,7,5
48fbc3de4f,dell,Inspiron 2,53,3,2,7,4
c8e3fe49b4,lenovo,Legion Pro,19,8,4,12,5
7f6e0411f6,acer,Nitro V,15,5,4,11,4
2d69bb9601,asus,TUF Gaming,17,3,2,11,4
9fc762851d,asus,2023 Zenbook,38,5,4,16,5
7951974fb6,lenovo,Ideapad 3,12,3,2,11,3
dedc648e66,dell,Latitude 3410,4,3,2,7,3
1894b322b6,dell,Latitude 5330,15,5,4,4,4
b8e4e5f2a7,dell,Vostro 3520,15,2,2,11,4
f041691269,acer,Nitro V,5,3,2,11,4
31d873116e,lenovo,Yoga 6,14,5,4,4,4
e577369e44,asus,Vivobook M1502Q,100,5,4,11,4
55cf949def,dell,G3 G3500,16,3,2,11,4
2fe34d71fa,hp,Envy 13,14,3,2,4,3
453dfee158,lenovo,ideapad 1,9,3,2,7,3
f7b1af8ec3,lenovo,Flex 5,24,5,2,7,5
b71eca27c7,dell,Latitude 3420,28,3,2,7,4
5912a6d172,hp,Envy x360,11,3,2,7,4
6bd21b95ff,hp,15 EF2126,35,3,2,11,4
e1441d4327,acer,I3 13th,5,2,2,11,4
8b4c2ecd83,lenovo,IP Slim,18,3,2,11,4
ce1971262a,hp,Pavilion Aero,12,3,4,4,4
fbf0b87b77,lenovo,IdeaPad Slim,14,3,2,7,4
d715e31d4e,hp,Pavilion 14,63,3,2,7,3
e815dc4551,acer,Aspire 3,43,3,2,11,4
9d5ea17237,hp,15 eh1071Auryzen,14,5,2,11,4
1f0673a6fb,hp,15s du2101TU,20,3,2,11,5
263031cabe,acer,Nitro16 (AN16,16,5,4,12,5
1afcf90a3c,lenovo,Ideapad 1,9,2,2,8,3
f6a9bdc787,dell,Inspiron 3511,14,3,2,11,4
678c6c36a5,dell,Inspiron 3511,22,3,2,11,4
19cb1c95f6,acer,Aspire 5,9,3,2,11,5
2cb3f1ad67,asus,2023 Zenbook,38,8,6,8,5
523cd5b91a,lenovo,Ideapad 3,13,2,2,7,3
98886ed2cc,dell,Vostro 3401,13,2,2,7,3
921d4904cf,dell,Lattitude 5490,10,3,2,7,3
3915d89767,asus,Vivobook 15,30,5,2,11,4
23d9e39b2f,acer,aspire 3,14,3,2,11,4
1a860ff8e7,dell,XPS 15,9,8,6,11,5
7c020c79e4,acer,A315 35,11,1,1,11,5
9fc19770a3,asus,VIVOBOOK X1504Z,17,3,4,11,5
8187808e8a,hp,NoteBook 15,11,3,2,11,4
5e511fa6e9,msi,Cyborg 15,12,5,4,11,4
2bace0ec77,dell,Latitude E5400,22,3,2,7,3
399bfa8f5a,hp,15s ,19,3,2,11,4
722b0c8b8c,lenovo,IdeaPad 1,5,5,2,7,4
4383ea288b,asus,ZenBook Laptop[UM3402Y],20,5,4,7,4
205db8790a,acer,Nitro V,14,3,2,11,4
16efb33809,asus,Vivobook Tp470,32,2,2,7,3
b75a308e9a,asus,Vivobook Go,17,2,2,7,3
2b9d17af35,lenovo,IdeaPad 1,20,3,2,7,3
429accd3d6,asus,TUF Gaming,55,5,2,11,4
7886fcfb5e,lenovo,V14 G2,10,3,2,7,3
f08f8f9e04,lenovo,Ideapad 1,21,1,2,11,3
3d69bb0c35,asus,VivoBook 15X,11,3,2,11,4
f36735bc5c,dell,Vostro 3400,9,3,2,7,5
44ba5914a5,dell,Vostro 3510,13,2,1,11,5
79f8e0a654,acer,Aspire 3,26,3,4,7,4
4c8d106733,acer,Aspire 3,18,3,2,11,4
cd8fee1032,dell,Vostro 3400,15,3,2,7,3
beba3c16b4,hp,Notebook 15S,19,3,2,11,4
9542105828,lenovo,IP3 Ryzen,15,5,2,7,3
cf66db0ffd,dell,Vostro 3510,17,3,2,11,3
7dbf4baf1b,hp,14s Laptop,11,2,2,7,3
610a18ace4,asus,VivoBook 14X,9,5,4,7,5
b0094228e4,lenovo,IdeaPad Gaming,22,3,4,11,4
cb28a66ee5,dell,Vostro 3520,24,3,2,11,4
a183ef2b33,lenovo,Idea pad,28,2,1,7,3
8d671a23e6,acer,Nitro 5,10,3,2,11,4
ba2b608371,asus,Zenbook 14X,14,3,2,7,4
00d9832ab6,hp,Pavilion Laptop,11,3,2,11,4
e0e4b502ef,dell,Vostro 3500,7,5,2,11,4
dc33283276,acer,Aspire 5,23,3,2,7,5
b2a70a2a99,lenovo,IdeaPad 1,7,1,1,7,3
003cc5d092,asus,Vivobook Go,15,2,2,7,3
a855ba578f,dell,"VOSTRO 14""",12,2,2,7,4
af8a0faecc,hp,Spectre X360,46,5,4,7,4
4b474bf02f,hp,Pavilion Ryzen,24,3,4,11,4
1480d09f3a,dell,Vostro 3520,10,2,2,11,4
f8a5079f13,acer,Aspire 3,13,5,2,7,4
8d6dc7a137,acer,A515 45,10,2,1,11,3
91b409f434,lenovo,ThinkPad L13,10,3,4,4,4
5e1d14fc18,avita,Celeron N4020,17,1,1,8,3
97ae2d14f6,hp,Probook 440,17,5,2,7,4
0488e3426f,asus,E410M 14,15,1,1,7,1
0ab18718bf,hp,ZBook Firefly,13,5,4,7,4
a8e5944266,asus,VIVOBOOK X1502Z,13,3,2,11,4
1a92727089,dell,Vostro 3520,83,3,2,11,3
eb65f686c5,asus,Vivobook X1402Z,11,3,2,7,4
1955e3f0d1,msi,Modern 14,11,5,2,7,4
bcf09682b8,asus,ROG Strix,11,5,4,11,5
2a48478409,lenovo,IP Slim,10,3,2,11,4
0413bf6f2d,asus,Expertbook Flip,19,5,4,7,4
634303440e,asus,ZenBook 14x,12,5,4,7,4
ccd5890435,dell,Vostro 3510,21,2,1,11,3
c3f024069f,dell,7506 11,9,3,2,11,3
39a690dfbc,lenovo,IP1 Ryzen5,19,3,2,11,4
ae99b63f70,lenovo,Laptop Intel,20,1,1,11,3
82970810f2,dell,Lattitude 7390,20,3,2,4,3
56b07568a2,acer,Aspire 3,33,3,2,11,4
c2f68d57b6,dell,Vostro 3520,37,2,2,11,5
d3a3f985b1,lenovo,V15 Intel,22,1,1,11,5
083bc38a97,dell,Inspiron 15,14,3,2,11,3
c916f7a162,dell,Inspiron 15,32,3,2,11,4
90a2bf7caa,lenovo,"V15 Laptop,",7,3,2,11,4
e6e171c9dc,lenovo,IdeaPad Slim,26,3,2,7,4
c5da53190d,acer,Aspire 3,8,3,2,11,4
7a0806c72b,lenovo,ThinkBook 14,9,3,2,7,4
fedf4fedf6,acer,Aspire 5,14,3,2,11,4
8848190928,dell,Vostro 3510,19,3,1,11,5
423722e93c,acer,Aspire 5,18,3,2,7,4
2f2a1d7706,acer,A315 58G,7,3,2,11,5
7aea58af7e,dell,Vostro 3510,11,2,1,11,5
80a627ce9e,lenovo,IP1 Ryzen5,34,3,2,7,3
8da7df68f8,asus,Zen Book,7,3,2,7,4
5006a03b72,dell,Inspiron 14,19,5,4,7,5
5e16ed7261,acer,A514 54,24,3,2,7,3
c19622ecbe,asus,E410M ,12,1,1,7,2
c49b37d755,acer,Aspire 3,10,3,2,11,3
199bcf7ef5,asus,ZenBook 14,10,5,4,7,5
f4260b1439,acer,Swift 3,21,5,2,7,4
6026ee1694,dell,Laptop Vostro,12,3,2,11,3
ab2917a99f,msi,Note Book,32,5,4,11,4
b192cb9d52,lenovo,Ideapad L340,12,2,1,11,5
8148fc9d31,lenovo,IdeaPad (slim),9,1,1,11,3
f608b79f0f,lenovo,IdeaPad 1,12,3,2,7,4
a641753920,acer,Extensa Laptop,15,3,2,11,4
bdb47b649f,lenovo,IdeaPad 3,20,2,2,7,3
33bea19e89,acer,Aspire 3,10,2,1,11,3
29219068b0,hp,Envy 13,17,5,2,7,4
b1cc692308,asus,TUF A15,19,5,4,11,5
85d9651794,hp,15s du2101TU/,24,3,2,11,3
14bd4d46cf,hp,Victus i5,45,3,4,11,4
10b9a77f2a,lenovo,V15 Laptop/,18,1,1,11,3
f95be54976,dell,Vostro 3520,27,3,2,11,3
142aa6ac0d,lenovo,Ideapad 1,16,1,2,11,3
34f81b31f4,dell,Vostro 7500,13,5,4,11,4
f471b17d31,acer,Swift 3,26,5,2,7,4
305e2bc7bb,hp,Elite Book,18,5,4,4,4
0b993c79d9,acer,Aspire 3,19,3,2,11,3
2b4514f655,acer,Aspire 3,18,3,2,11,4
54a8beb76c,acer,Swift 3,18,5,2,7,4
09fa4b9827,dell,Vostro 3520,17,2,2,11,4
c28e8c9829,acer,Aspire 5,22,3,2,11,4
74e7c02101,gateway,GWTN156 Ryzen,21,3,2,11,4
b3fa2f0ec6,acer,Nitro V,18,5,4,11,5
63645a68d8,hp,Elitebook 840,19,5,4,7,4
6f23b583ac,lenovo,IP1 Ryzen5,13,3,2,11,4
468be2b6b4,mi,Notebook Pro,10,3,4,7,4
7954c6b8d3,asus,VivoBook 15,14,3,2,11,4
b7f5b33749,hp,Laptop 240,14,2,2,7,4
0a70aeacd4,lenovo,IdeaPad 3,7,3,4,11,4
809e9605dc,acer,Aspire 5,17,3,2,10,3
cc1104d492,acer,Aspire 5,12,3,4,11,4
1fce4bc065,hp,14 cf2224Nia,21,3,1,7,5
9959eadc27,asus,VIVOBOOK F512J,20,3,2,11,3
3cc2cb8d21,dell,VOSTRO 3510,25,3,2,11,3
0423f97edd,dell,Vastro 3400,9,2,1,7,3
4934ba89b7,asus,Vivobook14 i5,13,3,2,7,4
ed3dc27e61,dell,Vostro 3400,17,2,2,7,3
7578af569f,hp,14 Core,12,2,2,7,3
752539d1f9,acer,Extensa 15,15,3,2,11,3
2255f2ac35,dell,Latitude 3410,10,3,1,7,5
6492849d94,dell,Vostro 3520,9,2,4,11,4
62f070457f,dell,INSPIRION 5420,15,5,4,7,4
210a734d07,lenovo,Ideapad 3,11,2,2,11,3
ce9d0bdb83,dell,Inspiron 7391,10,3,2,4,3
a255b9d130,dell,Vostro 3520,15,3,2,11,3
591b8a3422,lenovo,IP 1,19,3,2,11,4
68e7f09d88,hp,"14"" ProBook",20,3,2,7,6
5d98104ca8,dell,Vostro 3400,17,2,2,7,3
846d98498e,acer,A515 45,32,3,2,11,3
bb67fc3ce4,mi,Notebook Pro,15,3,4,7,4
b24c833f56,dell,Vostro 3520,71,3,2,11,3
2a7781175b,lenovo,Thinkpad L13,19,2,2,4,3
9b3fe03b9d,acer,Travelmate P2,8,3,2,7,4
0061fb49f2,hp,Pavilion Laptop,44,3,2,11,4
103e840619,hp,Laptop 240,15,2,2,7,4
6deaeb82f2,dell,Latitude 14,32,3,2,7,3
c12e8538ab,asus,Vivobook Pro,20,5,4,7,5
ccbde75682,lenovo,IdeaPad 3,11,2,4,7,4
1bfca5332f,acer,Aspire 5/Core,11,2,1,11,5
f99fdc1066,dell,Inspiron 3520,19,3,2,11,3
a69c19de5b,hp,14 cf2224nia,28,3,1,7,5
f0765bcfaa,dell,Vostro 3400,21,3,2,7,3
c8918c7a49,acer,Swift 3,10,3,2,7,4
5eb947cbce,dell,Inspiron 14,42,3,2,7,4
c88d9d132f,asus,Vivobook X515EA/Intel,9,2,1,11,3
38af518509,hp,Laptop 240,6,2,2,7,3
7b56f66636,dell,Inspiron 15,43,2,2,11,4
eef5e34551,lenovo,IdeaPad 1,14,3,2,11,3
e8e06ef6dc,lenovo,IP 1,16,2,1,11,3
08062d208c,acer,Aspire 5,12,2,1,7,3
c840bb03c7,acer,Aspire 5,14,5,2,7,4
05dfcc0df8,asus,Vivobook X1402Za,34,3,2,7,4
5ecbba9c06,acer,Nitro 5,23,3,2,11,3
2afc924a24,asus,VivoBook 14,11,2,1,7,3
dbbd56af39,hp,14 DQ,25,2,1,7,3
671f64f39b,acer,Aspire 5,10,3,2,11,4
81d9b1b944,dell,XPS 13,10,5,4,4,4
1219ea5fd1,dell,Inspirion 3501,18,3,1,11,5
5499d64fd4,lenovo,IdeaPad 5,18,3,2,11,3
eaa0f1392d,hp,Envy 13,9,5,2,4,4
15e96da7f1,hp,Pavilion 15eg,10,3,2,11,4
916711c9de,hp,EliteBook 845,20,3,4,7,4
417d390530,hp,Envy x360,18,3,2,7,4
a3ca8fadbf,lenovo,IP1 Ryzen5,18,3,2,7,3
9689a87c1e,dell,Vostro 3520,18,5,2,11,4
df7ceac991,hp,Laptop 240,36,2,1,7,4
2f11fd7682,lenovo,IdeaPad 1,17,3,2,7,3
1eed3ad243,acer,Aspire 3,10,2,2,11,4
aa6b479a87,dell,Inspiron 13,10,3,2,4,4
c5ccb320ed,lenovo,Flex 5,57,2,1,7,2
927cab9e9a,hp,Pavilio Power,9,5,2,11,5
9275d42715,dell,Vostro 3400,17,2,2,7,3
77385ed63f,asus,TUF Gaming,21,5,4,11,4
cdb6596d3b,acer,Aspire 3,16,2,1,11,3
bed559e240,acer,Swift3 42,9,3,2,7,4
2079a52467,dell,Vostro 3520,18,3,2,11,4
387f4c3ce8,hp,Laptop 15S,14,3,2,11,4
34427dbaf1,dell,Inspiron 3505,8,5,2,11,4
3a57f00a0f,dell,Inspiron 5410,16,3,2,7,4
3752b8b30f,hp,Pavilion 15,25,3,2,11,4
5d7f68c68e,acer,Aspire 5,15,3,2,11,4
3e09969cc8,asus,L510MA WB04,43,1,1,11,2
8f96235927,lenovo,IP 3,20,2,2,11,3
00e9bfe94c,dell,G15 5520,15,3,4,11,4
31127b1594,dell,Vostro 3510,13,3,2,11,4
bfad7e5aa0,hp,Pavilon 15eg,13,3,2,11,4
33b7da8b38,dell,Inspiron 3511,20,3,2,11,4
335ebfc040,hp,14S fq1052Au,8,2,1,7,3
fdd250e693,gateway,(By Acer),52,3,4,7,4
6d061748e2,asus,Expertbook B1402CB,19,3,2,8,4
87c62df521,dell,Inspiron 16,21,5,4,11,4
586b80cc96,asus,ZenBook 14,11,5,4,7,5
8c04b41bd2,acer,Aspire 3,12,3,2,11,4
c35acdea5a,acer,Aspire 3,13,3,2,11,4
04398e9b84,dell,Latitude 5330,15,5,4,4,3
a8120c1cb0,dell,Inspiron 7430,39,3,2,7,4
5aee20e126,lenovo,Legion 5,18,5,4,11,4
24473929c5,asus,VivoBook 14,11,3,2,7,4
70d90ef58b,asus,VivoBook S,7,5,2,7,4
5e408c70ce,dell,Vostro 3400,10,3,2,7,3
8c0e81812b,hp,14 Dk1031Dx,11,2,2,8,5
2cbf5b0a3a,acer,Aspire 3,19,2,1,7,5
301735f0b1,acer,Aspire 3,18,3,1,11,5
08dda856a4,dell,Inspiron 15,14,2,1,11,5
9cd865f249,hp,14 DQ,25,3,2,7,3
9dc3cbdd79,lenovo,IP1 Ryzen5,23,3,2,7,4
5350a93997,msi,Modern 14,19,3,2,7,4
f720f9a00a,hp,15 ef2126wm,16,3,2,7,3
df30858144,dell,Inspiron 3511,5,2,2,11,3
87556e9f51,hp,pavilion 15,10,3,2,11,4
cd496cd17d,asus,Vivobook X1402Z,16,3,2,7,4
b18f1ad744,lenovo,IdeaPad Slim,13,3,2,11,4
0c4501d7c6,dell,Inspiron 16,10,5,2,13,4
a374cfb3ba,asus,ZenBook Q507IQ,17,5,2,11,3
c88ce77349,asus,TUF Dash,18,5,4,11,5
eb52356c7d,lenovo,Ideapad 3,69,2,2,11,3
5c7a551dd6,acer,Aspire 3,13,2,1,11,5
7df6e4fb5a,lenovo,Yoga 6,19,3,4,4,3
d9501338e8,lenovo,IdeaPad Slim,18,3,2,7,4
32f930f131,lenovo,IP1 Ryzen5,12,3,2,7,3
13c0214f49,hp,14Z Laptop,23,3,2,7,3
d8a7c069b2,acer,Aspire 5,16,2,1,11,5
50b7b17a9d,dell,Inspiron 7405,11,3,2,7,3
77f5ea1827,dell,Inpiron 5406,14,3,2,7,3
af6f0e17c7,dell,Inspiron 14,9,5,4,8,4
6d7bb02a8a,hp,15 AMD,23,5,2,10,4
607e35dfc7,dell,Inspiron 7391,12,3,2,4,3
ad14801de9,dell,Inspiron 3501,26,3,2,11,3
f5bbabe98a,asus,ZENBOOK DUO,20,5,4,7,5
c465ddf20e,dell,Vostro 3400,19,2,2,7,4
edc26df249,asus,Vivobook Q530V,12,5,4,11,4
014b238dec,dell,Inspiron 15,15,3,2,11,4
bc0cf0f70c,acer,Aspire 3,16,2,1,11,3
0f8518c2d0,lenovo,Flex 7,10,3,2,7,4
8eea7af8e8,lenovo,Thinkpad L14,17,3,6,7,5
fc740e5398,lenovo,IdeaPad 3,12,3,2,11,3
fd216a1591,acer,Aspire 3,56,3,2,11,4
1ff593f3c7,asus,Zenbook Flip,23,5,4,11,5
59c8f569d2,asus,Vivobook K513Ea,24,3,2,11,4
5434937172,dell,Latitude 13inch,35,3,2,4,3
59bb066286,lenovo,IdeaPad 1,14,1,2,7,2
798d26c2fa,msi,Modern 14,14,3,2,7,3
082519c9dc,lenovo,Slim 7,13,3,2,7,4
24a5202dae,lenovo,Thinkbook I512th,16,3,2,7,3
a9ae397dbf,dell,INSPIRON 5510,22,3,2,11,3
44e89a17e2,dell,Inspiron 14,38,3,2,7,4
c60269cfab,lenovo,IP 3,26,3,2,7,3
c644f762ad,acer,Swift 3,54,3,4,7,4
4ff7659ea2,acer,Swift 3,6,5,4,7,4
ed0598f77e,dell,Latitude 7370,48,5,4,4,4
c5c272f5c9,acer,Aspire 3,8,2,2,11,4
6528f6626c,msi,Note Book,12,5,2,7,3
c28b241635,asus,L510 /,21,1,1,11,2
bdb0354b45,dell,Vostro 3400,18,3,2,7,5
93df70c34f,asus,Zenbook Q507Iq,11,5,2,10,3
f8e79bcc60,lenovo,ThinkPad P14S,15,5,4,7,4
92a844d8e1,acer,Aspire 3,11,3,2,11,4
35c65e9c26,hp,Laptop 15s,14,5,2,11,4
2a8d98a5a3,acer,Extensa 15,11,3,2,11,3
d5a29b2101,dell,3501 i5,9,3,2,11,3
ed1b8f0511,hp,15s du2101TU,12,3,2,11,5
04e5c813b7,acer,Aspire 5,5,3,2,7,4
cdee43e940,lenovo,LOQ 15IRH8,23,3,2,11,4
5a068c12d7,acer,Aspire 3,11,3,2,10,4
0f44f0db97,lenovo,ThinkPad E14,9,3,4,7,4
96724a4f10,hp,Laptop 15,18,3,2,10,3
e684c28efa,dell,Vostro 3510,25,5,2,11,4
a5edfcf5f9,dell,Vostro 3400,20,3,2,7,5
ad55a1495d,lenovo,Ideapad Slim,17,2,2,11,3
7dc9882627,acer,Swift Go,41,5,4,7,4
60ca499c48,lenovo,IP 3,34,3,2,7,3
129dd45ad9,dell,XPS 13,23,5,4,4,4
a0e2d9a436,dell,XPS 13,19,5,6,4,5
9b5808dd2b,dell,Latitude 5310,15,3,2,4,3
a2f7a3cbdc,hp,Pavilion x360,14,3,2,7,3
672fddc5a8,lenovo,ThinkPad Z16,11,5,4,11,4
adacfe7912,lenovo,2023 Yoga,38,5,4,7,4
a204b7f7e3,acer,Travelmate P2,12,3,2,7,4
e9fcbde556,acer,Aspire 3,16,2,1,7,3
f107dde7d5,lenovo,V15 With,9,5,4,11,4
4362426415,dell,Vostro 15,21,3,2,11,3
4f742d85fe,lenovo,IP 1,10,3,2,11,4
e9ec4cadbd,asus,Vivobook Go,9,3,2,11,3
1a536b536f,asus,ROG Zephyrus,22,5,4,12,4
63072e6f73,lenovo,5 14ALC05,14,5,2,7,4
d3cb2cfff5,acer,Aspire 5,14,2,1,11,5
e69f0dc73a,lenovo,Ideapad 3,48,2,1,7,3
8176fe5a8c,dell,Inspiron 3501,20,3,2,7,3
0cd8e53dc0,hp,Laptop 240,8,2,2,7,4
d3a9855cbc,lenovo,YOGA 6,16,3,2,4,4
16c859e9ba,lenovo,IdeaPad Slim,10,2,2,11,3
c1f54692e2,dell,Latitude 3340,12,2,2,7,3
b1109c4c8a,asus,Zenbook Duo,45,5,4,7,5
32a014ee05,asus,Vivobook X413Ja,19,2,1,7,2
6c1a579d1d,dell,Latitude 3420,40,3,2,7,5
beafac56c6,lenovo,ThinkPad P14,17,5,4,7,4
d2698929c4,razer,"Blade 15,",20,5,4,11,4
022a79f676,acer,Aspire 3,10,2,1,7,3
11ddd495d5,acer,Predator Helios,12,5,2,11,5
9f3984b735,acer,Aspire 5,11,5,4,11,4
e69d0e6a46,dell,Vostro 3400,39,3,2,11,3
5dede64414,dell,Inspiron 15,14,3,2,11,4
be1c0dec79,lenovo,ideapad Slim,19,2,2,11,3
a954a2989b,acer,Aspire 5,21,3,2,11,3
5b6935a88c,acer,Aspire 5,11,5,2,11,4
07a3ebc8bc,dell,Vostro 3520,25,3,2,11,3
4b5bcbc54e,lenovo,IdeaPad Slim,9,3,2,11,4
79ae0ead61,dell,Vostro 3400,15,5,2,7,4
20c8a8a992,dell,Latitude 3420,9,5,6,7,4
1f8a124b36,dell,Vostro 3400,21,3,2,7,5
b8ecc4813a,acer,Aspire 3,9,2,1,7,3
573ac64dda,dell,Inspiron 5310,39,3,2,4,4
cb38a0b0ef,acer,Swift3 Laptop,18,5,2,5,4
2c2fee778a,dell,Vostro 3510,20,3,2,11,4
b60372850f,dell,7501 10th,13,3,2,11,3
3ffe2b488f,msi,Modern 14,20,5,2,7,4
9f7db5ce9d,lenovo,Yoga Slim,21,3,4,7,4
4682fa8360,dell,Vostro 3520,10,3,2,11,4
a15e729b7e,lenovo,IP1 Ryzen5,13,3,2,11,3
80dbd514b0,acer,Aspire 5,12,3,2,7,4
3eccde0ca4,acer,Swift 3,20,3,2,7,3
9b468f91d0,hp,14 ,38,2,1,7,5
36e3ad9562,lenovo,3 With,27,3,2,7,3
91aa1df31a,dell,Inspiron 14,16,3,2,7,4
a983e87977,lenovo,Yoga Slim,26,5,4,7,5
cfbaccecff,dell,Latitude 3420,12,3,2,7,3
b4af472e8a,dell,Inspiron 3511,14,3,2,7,4
67c3a957a0,lenovo,IdeaPad 5,12,3,4,7,4
6d9e9e8b02,lenovo,Thinkpad L14,10,3,6,7,5
602451418f,dell,Vostro 3520,16,3,2,11,3
7111641d1a,acer,Swift 3,15,5,2,7,4
d2022cfa79,acer,Aspire 5,11,3,2,7,4
03ff533cf7,asus,Expertbook With,8,5,6,7,5
ef0a0964f3,dell,Inspiron 5415,14,3,2,7,3
4d46e986b2,asus,VivoBook 14,14,3,2,7,4
4396d8d003,asus,Zenbook 17,48,5,2,16,5
3f34f31dda,asus,Zenbook 14,15,5,4,7,5
0decd2d019,hp,Envy x360,10,5,3,11,4
3ca76fec90,asus,VivoBook 14,13,3,2,7,4
a4fb03d83c,dell,Vostro 3400,26,3,4,7,5
fefc4a80e7,hp,Envy x360,30,5,2,4,4
9498608c3a,asus,Vivobook F415Ea,18,3,2,7,3
dbabd93a52,dell,Vostro 3510,17,3,2,11,3
53396801ce,asus,X515 i5,12,3,2,11,4
8348f0a758,asus,ZenBook 14,17,3,4,7,4
f14332287d,msi,GP66 Leopard,31,5,4,11,5
97ce529e53,hp,Envy i7/12th,30,5,2,4,4
904545c27e,acer,Aspire 5,15,3,2,7,4
a3d433dddf,avita,Liber Intel,12,3,2,7,3
b602359d91,dell,Latitude 5490,21,3,2,7,3
35a0fbe0b3,hp,14s cf3063,47,2,1,7,5
11ff3e51c1,lenovo,IdeaPad Gaming,10,3,4,11,4
e2364939fe,lenovo,IP1 Ryzen5,10,3,2,11,3
f9c9028eff,lenovo,IdeaPad 3,12,2,4,7,3
32d05974d8,asus,Vivo Book,18,3,2,7,4
18404319a0,dell,Inspiron 7430,14,3,2,7,4
475ca028d1,dell,Inspiron 7306,11,5,4,4,4
1987376b87,asus,Vivobook Flip,17,3,2,7,4
fe1d611f94,asus,Vivobook X415Ep,26,5,2,7,4
15ebdefe83,dell,G5 15,20,5,4,11,4
def5cd1385,asus,TUF F15,16,3,2,11,4
2db7c8f187,dell,Vostro 3510,11,3,2,11,3
7b69ed89d2,acer,Aspire 3,13,2,1,11,3
d8d9f5cc74,lenovo,IDEAPAD FLEX,38,5,4,7,4
4916088717,lenovo,IdeaPad 3,24,2,2,8,3
d05c9d78e8,hp,Envy x360,20,3,2,11,3
f776a20a60,dynabook,Tecra Toshiba,39,1,1,7,2
42a1842643,dell,7501 10th,13,5,2,11,4
94e68380b8,acer,I7 13Th,39,5,2,11,4
c3a7c70b94,lenovo,IdeaPad Flex,34,3,4,7,4
a9f41ba2f7,lenovo,Ideapad 3,14,3,2,11,4
8be2665531,asus,Expertbook B1400,32,5,6,7,3
94e4793e52,acer,Aspire 5,18,5,2,7,4
fd4051fdd7,dell,Inspirion 3501,16,3,2,11,4
f6b2b371b8,acer,Aspire 5,42,3,2,7,4
1ab46204b4,hp,"14"" Probook",11,5,4,7,5
baaeb84ee7,lenovo,IdeaPad 5,14,3,2,11,4
8fa2999ed2,dell,Latitude 3510,9,3,1,11,5
5e4c345cfb,hp,15 eh1071AURyzen,13,5,2,11,4
4c70f37d31,asus,ROG Strix,28,5,4,11,4
aa2f667ec5,dell,Inspiron 5406,12,5,2,7,4
75595cfd20,dell,Inspiron 5410,35,5,4,7,4
c35227598d,asus,VivoBook Flip,25,3,2,7,4
553a8542e6,dell,Vostro 3400,17,2,1,7,3
65b6bb34fd,lenovo,IDEAPAD 3,21,3,2,11,3
975809a738,hp,240 G7/HP,5,2,1,7,5
2d26f90c91,dell,Vostro 3520,24,3,2,11,3
6ab2059db8,lenovo,Yoga Slim,11,5,4,7,5
f6bf4d56c7,honor,Magic Book,11,3,2,11,4
8da49908cf,acer,Aspire 5,22,5,2,11,4
eda5c09fcc,dell,Inspiron 3511,13,3,2,11,4
8e6e73daf3,hp,15 AMD,14,5,2,10,4
3fa441e2ed,hp,15 fq,36,3,2,11,4
21b21fcea0,lenovo,ThinkBook G2,17,3,2,11,3
bd528077ba,dell,3520 i5,10,3,2,11,3
bd3fc60511,asus,ZenBook S13,29,5,4,4,5
bbdaeab3db,msi,GL65 Leopard,7,5,4,11,5
23b403cbc7,acer,TravelMate I5,16,3,2,7,3
e5d0b975d2,hp,Laptop 15s,13,5,2,11,4
ed3254f179,honor,MagicBook X,23,3,2,11,4
da4aab22eb,hp,ELITEBOOK 840,6,5,4,7,4
cbc78bcecd,hp,LAPTOP 14S,13,3,2,7,4
c762c5bc21,acer,Swift 3,13,5,2,7,4
9fb58dba4d,asus,X145E Intel,12,3,2,7,4
ac4a99dc91,lenovo,ideapad slim,8,3,2,11,4
5588d0100f,hp,Laptop 348,24,3,2,7,4
809bdc30a6,asus,ZenBook 14X,21,5,2,9,4
900e613823,acer,Swift 3,14,3,4,7,4
b680a576dd,lenovo,IDEAPAD 1,6,3,2,11,3
3e5b473a1f,hp,Envy x360,11,5,2,11,4
94e4f8a51b,acer,Swift 5,28,5,4,7,5
12e3ee7cda,asus,Vivobook K513Eq,38,3,2,11,4
e6e1213e65,dell,Latitude 5320,10,5,2,4,3
0f839316e6,acer,Aspire 3,31,2,1,11,3
b6b209407a,dell,XPS 13,31,5,4,4,4
426fe2b88e,dell,Inspiron 7490,8,3,2,7,3
efe3c24e07,lenovo,Thinkpad X13,69,3,4,4,4
0e82942362,hp,Elitebook 830,19,5,4,4,4
56c172684d,acer,Aspire 5,64,2,1,11,3
e67571d9d5,lenovo,IdeaPad 1,6,3,2,7,4
365beaeed2,lenovo,ThinkPad L14,14,3,4,7,4
30aec78dcd,asus,Vivobook X1502Za,21,5,2,11,4
8f924d6427,asus,TUF F15,13,5,4,11,4
4b1b310c12,lenovo,IdeaPad 3i,30,2,1,11,2
76b74cb197,dell,Vostro 3400,14,3,2,7,3
064394ad35,dell,Latitude 3420,9,5,2,7,5
3100104426,acer,swift3 42,23,3,2,7,4
22b1dbcf6a,asus,TUF F15,14,5,4,11,5
0e663e8167,dell,Inspiron 5402,13,3,2,7,4
e8bd6c200f,asus,VivoBook E410MA,15,1,1,7,3
cec67a896b,microsoft,Surface Laptop,10,5,2,10,4
0a7746ce15,dell,Vostro 15,11,3,2,11,4
3d1587578e,asus,Zenbook 14,14,5,4,7,5
2f277eca8e,lenovo,Thinkpad L14,10,3,4,7,4
8b01e31cbf,asus,Vivobook F512J,16,3,2,11,3
db870c3559,hp,Laptop 15S,9,5,2,11,4
b097bfe5e0,dell,Latitude 3420,20,3,2,7,4
44ca1bd138,dell,Latitude 3420,20,5,2,7,3
53ad6cfdb4,lenovo,V15 With,27,3,2,11,3
84820ef13e,asus,Zenbook 14X,24,3,2,7,4
02ef918357,asus,Vivobook Pro,11,5,4,7,5
d866a37955,asus,Vivobook X515Ea,8,2,1,11,3
b8c6e7fdb0,dell,Inspiron 3501,16,3,2,11,4
80a2f88a28,asus,Vivobook 14,30,2,1,11,3
91647f1e04,lenovo,IdeaPad 3,13,2,2,7,4
40068e01c9,dell,Inspirion 3501,28,5,2,11,4
b1c0622df6,hp,15 Dw,9,3,2,11,3
bfab7a138f,asus,ZenBook Flip,11,5,4,7,5
9a639b287f,lenovo,IdeaPad Flex,22,1,1,2,3
ced96c75c1,acer,Aspire Vero,11,5,4,11,4
9842ed3ed9,asus,ZenBook Flip,18,3,4,4,4
9f417ae4bf,hp,Envy 13,9,5,2,4,4
edb073c98a,hp,ENVY x360,7,5,4,7,4
b6ab9f55a2,dell,Vostro 3520/Core,24,3,2,11,3
5432c4eab1,hp,14 cf2224Nia,11,3,1,7,5
d500bdea6a,hp,Laptop 15S,37,3,2,11,4
b3064d71d9,hp,Envy 14,13,3,2,7,4
6152375969,asus,Vivobook X1503Za,7,3,2,11,4
4b5fa7b4b9,asus,Vivobook E410Ma,99,1,1,7,3
d569e1b311,asus,VivoBook X413JA,27,2,1,7,2
acbb017d06,msi,GS66 Stealth,14,5,4,11,4
578e9b5407,msi,Modern 15,16,3,2,11,3
7230806362,msi,Modern 14,19,3,2,7,4
3ad57d4ee6,asus,ZenBook Flip,14,5,4,4,4
fd4190ca5d,msi,Note Book,39,3,2,7,3
1c46fcaa2c,acer,Aspire 3,20,2,2,11,3
c8ede61334,dell,Inspiron 3501,19,5,2,11,4
b30619771a,hp,Omen 16,10,5,4,13,4
352540334b,dell,WYSE 5470,13,1,2,7,3
43c72e3b66,dell,XPS 13,20,5,4,4,5
b5418e098a,dell,Vostro 3520,10,3,2,11,3
dbb1ac2190,msi,Summit E16,18,5,4,11,5
d4337d2ccc,dell,Inspiron 7391,21,5,2,4,4
06c482ba04,lenovo,Ideapad 3,20,3,2,7,4
05e3ba6561,acer,Aspire 5,14,3,2,11,3
3757ee6797,hp,14S fq1052Au,34,2,1,7,3
8570d5ebda,asus,Vivobook Tp470,35,3,2,7,3
8c9cac92eb,asus,2023 Zenbook,27,5,4,7,5
0f82b9a19e,asus,Vivobook Pro,17,8,4,12,5
453de21ac9,dell,Inspirion 3501,21,3,1,11,5
905ca481bb,dell,Inspiron 5406,15,3,2,7,3
74c0182b97,asus,VivoBook X513E,11,2,1,11,3
cde689e0c1,acer,Aspire 5,9,3,2,11,4
189f9aa8fc,acer,Aspire 3,69,2,1,11,3
fe28db832d,lenovo,V15 Laptop/,27,1,1,11,3
c340813294,acer,TravelMate Spin,24,1,1,3,2
a97aa91fa7,acer,Swift 3,12,3,4,7,4
6f66cf2260,lenovo,Flex 5,13,3,2,7,4
d9bda91d47,msi,GE76 Raider,21,5,4,16,6
6e64824541,msi,Modern 15,24,3,2,11,4
0f88b78f4b,asus,VivoBook 15,13,3,2,11,4
ad0ec3bd89,asus,ZenBook 14,10,5,4,7,4
7aeca7bc72,dell,Inspiron 5310,21,5,2,4,4
e18cc4949e,asus,VIVOBOOK E1404G,23,2,2,7,3
3893f4d2e8,dell,Vostro 3510,17,5,2,11,4
c0a84f6fdf,dell,Latitude 7420,9,5,4,7,4
e6f1e81786,acer,Aspire 5,12,3,2,11,4
6171544cfb,acer,Aspire 3,21,5,2,11,3
328e4690c1,lenovo,IdeaPad 3,15,3,2,11,4
3f0d6fd8f5,asus,ZenBook 14X,18,5,2,7,5
85c12f66b5,asus,VivoBook Flip,42,3,1,7,3
58058a9832,asus,ROG Strix,17,5,4,11,5
337107c692,asus,VIVOBOOK Z1504Z,17,5,2,7,4
fa3a51a7f8,acer,Aspire 5,18,3,2,11,4
4fcf62398b,lenovo,IdeaPad Slim,15,2,2,11,3
b6ee6b0720,asus,R565E With,15,3,2,11,3
e8970b15de,lenovo,Slim 7,54,5,2,7,3
a6c69e0259,acer,Aspire 5,11,5,2,11,4
c00e10725c,asus,Zenbook S,37,3,2,4,4
7b0703dcfb,asus,Zenbook Duo,36,5,4,12,5
0ab7bf9ab9,dell,Inspiron 15,19,3,2,11,4
7dde4b3bad,acer,Swift 3,31,5,2,7,3
5de29ccb9a,asus,Vivobook F415Ea,8,3,2,7,3
23008b900e,asus,VivoBook 14,12,3,2,7,4
f37048f83c,dell,Latitude 3420,13,5,2,7,3
84c1d7a2a9,asus,L510M Ultra,61,1,1,11,2
c521099ea5,acer,Aspire 5,25,5,2,11,4
e869e2160c,lenovo,ThinkPad P14S,17,3,4,7,4
d2cdfb4b2b,lenovo,IdeaPad 3,21,3,2,11,4
93a52fc88d,asus,ZENBOOK 14,27,3,2,7,5
90bc923b7e,asus,Vivobook M1503Qa,38,3,2,11,4
8cec5bdbc9,dell,Latitude 3420,10,3,2,7,5
7152844f98,acer,Swift 2021,10,5,2,4,4
9fad31052b,dell,G5 15,19,5,4,11,5
b930f3dc7a,hp,Pavilion 15,11,5,2,11,4
e894f6510a,msi,Modern B11M,14,3,2,7,4
05f1406945,hp,EliteBook 835,11,5,4,4,4
96048bb6f6,dell,Alienware M15,9,5,2,11,5
3ff0050e6f,asus,Vivobook 15,24,1,1,11,3
43e9296669,hp,14 DK1031DX,27,2,2,8,5
8cad8afd51,asus,VivoBook 14,14,2,1,7,3
cab6e43e45,dell,Vostro 3510,33,5,2,11,4
974fe0901b,asus,Zenbook 14,12,3,2,7,3
0a87cde85d,microsoft,Surface 3,15,3,4,5,3
e2772877b0,microsoft,Surface 3,20,5,4,10,3
b57675c0d7,asus,Vivobook Flip,23,8,4,7,5
d08e4b0664,acer,Aspire 3,40,2,1,11,3
ed33e745e5,lenovo,IdeaPad 1,20,2,1,7,3
06a58e9cf0,lenovo,V15 Ryzen,27,3,2,11,3
2d5c510b4d,msi,Summit B15,28,5,2,11,4
2a9fac4d7b,xlab,x Book,22,2,2,11,3
a27127bebd,hp,Pavilion Laptop,19,3,2,7,4
f1178537d4,acer,Aspire 3,26,2,2,10,3
6b6f75c60e,acer,Aspire 5,21,5,2,11,4
1509607ca7,asus,Zenbook Q408Ug,23,3,2,7,3
f7667695e7,honor,Magicbook X,10,3,2,11,4
d73c189340,dell,Inspiron 7400,14,5,2,9,4
628da8f9a1,acer,Swift 3,16,5,4,7,5
dfb2269938,asus,ZenBook Flip,39,3,2,7,4
e4d8f49249,asus,13Th Gen,16,5,4,7,5
f6d09c91be,asus,ZenBook 13,6,3,2,4,4
209bd4c2ea,dell,Inspirion 3505,24,3,2,11,3
fc1ceaac48,dell,Inspiron 5501/,9,3,2,11,3
1524a5a7bc,dell,Precision 5470,23,5,6,7,4
56c7bc53cc,asus,Zenbook 14,8,5,4,7,4
b3e0483ba5,hp,Victus Intel,24,3,2,11,3
c58abec566,lenovo,IP Gaming,14,3,2,11,3
38b14a52a6,asus,ROG Strix,32,5,4,12,5
412e3acb18,acer,Aspire 5,12,3,2,7,4
a7677ee325,dell,Alienware M15,17,5,4,11,4
af017a8858,dell,Inspiron 14,8,3,2,7,4
44918ce637,asus,Zenbook 14,29,5,4,12,4
9afe2c1b80,acer,Aspire 5,8,3,2,11,3
866b55eaaf,lenovo,Ideapad 5,18,3,2,11,4
68ecce1588,acer,Aspire 3,10,3,1,7,5
fdc01ae75d,asus,Vivobook S435,22,5,2,7,4
9592a48f13,acer,Swift 3,9,3,4,7,4
dfb37652ea,dell,G5 2021,17,5,4,11,4
f9c624d547,dell,XPS 13,25,5,4,4,4
7be5c6adf3,dell,Inspiron 7405,12,3,2,7,3
4d6f4aa63c,hp,Laptop 240,19,2,2,7,3
3d0d43f904,lenovo,IdeaPad Flex,22,3,2,7,3
b97034884c,lenovo,IdeaPad 1,22,5,2,7,4
2a72f673e4,acer,Swift 3,57,2,2,7,3
18937ce447,asus,Vivobook M1603Qa,58,5,2,11,5
e88fc381fa,dell,XPS 13,27,5,2,4,4
7f8aa62cb5,msi,GE66 Raider,31,5,4,11,5
88e8cd8760,asus,VivoBook S15,37,5,4,11,4
09c4acf71d,dell,Inspiron 7405,7,3,2,7,3
c0e8bb0f8e,acer,Aspire 5,12,5,2,7,4
b3c6906b32,dell,Inspiron 14,6,3,2,7,4
814617290e,asus,Zenbook 14,9,3,2,7,3
3c6feb9c9e,dell,Inspiron G15,18,5,4,11,4
35ba33da33,lenovo,IdeaPad 1,15,1,1,2,2
1a1085be33,asus,Zenbook Ux425Ea,28,5,4,7,4
288706037a,asus,Vivo Book,13,5,2,7,3
b7139c2e03,dell,Inspiron 7506,29,3,2,11,4
6da3381fb1,hp,"14"" Probook",20,3,2,7,6
93b6d05f68,acer,Aspire Fun,14,3,4,7,4
ef1e477d39,acer,Nitro 5,16,5,2,11,4
666517c050,asus,VivoBook Flip,50,3,2,7,4
baac0ce5fa,hp,15 ef1071wm,16,1,1,11,2
4867fb3d00,lenovo,Yoga 6,20,5,2,4,5
c8396e9303,dell,Vostro 3520,16,3,2,11,3
b3a4833ab5,asus,2023 Zenbook,18,5,6,7,5
1f118024c5,acer,Aspire 5,20,3,2,11,4
c19712ef90,msi,Creator 15,21,5,6,11,5
fbb00c44c9,acer,Aspire A3,13,3,2,11,3
c46f45e743,dell,Inspiron 3511,12,3,2,11,4
cf7a100c94,lenovo,LOQ 15IRH8,17,3,2,11,4
1d1f4f4a34,dell,INSPIRON 5406,32,3,2,7,4
2fe81d633f,hp,ProBook 440,31,3,4,7,4
da31aa7776,acer,Aspire 5,12,3,2,7,4
695f19e6e9,hp,Pavilion Laptop,23,3,2,11,4
eafaed7c06,lenovo,ThinkBook G3,26,5,2,11,3
8a6fd99fa1,asus,M513U Vivobook,28,3,2,11,4
a93a08cab6,lenovo,ThinkBook G3,36,3,2,11,3
5987b55cff,asus,ZenBook 14X,20,5,2,7,5
9704c312a8,asus,Zephyrus G14,21,5,4,7,4
720d49fcad,dell,Alienware M15,49,5,6,11,5
c4ca191c88,lenovo,Thinkpad X13,13,3,4,4,2
cc2f3b5536,lenovo,E41 45,46,1,1,7,5
87eabbc207,hp,Envy x360,24,5,4,7,4
97c8adeaf2,acer,Swift 3,21,5,2,7,4
938860963a,lenovo,Slim 7,13,3,3,7,4
3c72df5172,msi,Summit E16,19,5,4,11,5
284bb854fc,asus,Vivobook X1402Za,27,2,1,7,3
65a15765b4,msi,Stealth 15M,21,5,4,11,4
09029aecf9,dell,Inspiron 5400,17,5,2,7,4
5fdac4d8ff,hp,ENVY x360,19,5,2,4,4
acf361bbde,lenovo,ThinkPad Z13,16,3,4,4,4
4f0f23903b,dell,Latitude 3420,13,3,2,7,3
86b0879f91,asus,ZenBook 14,16,3,2,7,4
b8a45593f6,dell,G5 2021,69,3,2,11,4
2bef8def7b,asus,Vivobook Flip,26,5,4,7,5
c05bf7bd47,asus,ROG Strix,30,3,4,11,4
cf770e4ca7,acer,Swift 3,17,5,2,7,4
4f84a41692,acer,Swift 3,18,5,2,4,3
737728a39a,microsoft,Surface 3,11,5,4,5,4
757e745f27,acer,Aspire 3,11,5,2,11,3
2d9d4926e7,lenovo,IdeaPad Slim,8,2,2,11,3
781dc53e4f,acer,Swift 3,17,5,2,7,4
dbb99eae81,msi,Modern 14,22,3,2,7,4
7c663d28de,dell,Inspiron 3501,11,3,2,11,5
793762dc67,toshiba,Terca A40,64,1,1,7,3
703921b3c9,asus,"M513U Vivobook,15.6",7,3,2,11,4
2672a8daf8,dell,Inspiron 3511,37,5,2,11,4
381a7794a7,acer,Aspire Vero,18,3,4,11,4
5ee7a7f91c,msi,GL65 9SDK,17,5,4,11,5
46348ed116,asus,Vivobook M1503Qa,14,3,2,11,4
4c8675e9d4,dell,Inspiron 16,11,3,2,12,4
026e0cfef8,acer,Swift 5,16,5,2,7,4
9c62bce908,asus,TUF F15,21,5,4,11,4
5b75876e5a,acer,Nitro V,6,3,4,11,4
a5915a7aa4,lenovo,ThinkBook 13S,32,3,2,4,4
c152453809,lenovo,IdeaPad 3,16,3,2,11,3
a3414b8344,hp,Elitebook 835,11,5,4,4,4
aac51c27fd,lenovo,IdeaPad 3,11,3,2,11,3
85808f6c97,asus,TUF Dash,20,5,4,11,4
76cbb33540,asus,Ga401Q Zephyrus,12,5,4,7,4
1bb1a6eb5d,acer,Aspire 5,16,2,1,11,2
4f89b2031c,acer,Swift 3,26,5,2,7,4
a746fc9aae,asus,VivoBook 15,7,5,4,11,4
d83044a14e,asus,Zenbook 14,25,5,2,7,5
c1607a6dbc,asus,Vivobook Pro,42,5,4,12,5
104b8eb8e1,dell,Latitude 3420,26,3,2,7,2
65e79d1a35,msi,Modern 14,52,3,2,7,4
137b51817a,asus,G512L Rog,21,5,4,11,4
484da62d48,msi,Gf 65,18,5,2,11,4
66326cc08a,acer,Aspire 5,14,5,2,11,4
ed12d576c0,acer,Swift X/14″,51,3,2,7,4
2abe4d4320,msi,GF63 Thin,21,3,2,11,3
1104be6b60,acer,Aspire 5,28,5,2,7,4
cb42e0f1a0,hp,Omen 15,22,5,2,11,5
1b4666b507,microsoft,Surface 3,9,5,4,10,4
987e2e52b7,acer,Aspire 5,21,3,2,11,4
8007e471bc,asus,2023 Zenbook,84,3,2,7,4
e014670064,asus,ROG Strix,21,5,4,11,4
06debe35b8,asus,Creator Q530,24,5,4,11,4
25305cb05b,dell,Laptop Latitude,15,3,2,7,5
ad95eb0b54,msi,GF63 9SCSR,36,3,2,11,3
c0cba2f3d3,acer,Nitro V,11,3,2,11,4
d97169ed16,acer,Predator Helios,8,5,6,11,5
c86b3eaf6f,acer,Nitro 5,20,5,4,11,4
e248db0f45,msi,Leopard GP66,19,5,4,11,5
2890f821c1,acer,Nitro V,20,3,4,11,4
61aa6282b8,msi,Leopard GP76,22,5,4,16,5
29f571fe6d,asus,ROG Zephyrus,39,8,6,11,5
14b6c42c1d,hp,Laptop 15s,32,3,2,11,4
1b424b388c,asus,Vivobook Pro,19,8,4,12,5
7c0e19ef42,lenovo,IdeaPad Slim,22,3,2,7,5
0bce28d732,hp,Victus 15.6,30,3,2,11,4
1761a31243,asus,ROG Strix,30,5,4,11,5
a8ab0c2677,lenovo,Ideapad 3,26,3,2,7,4
60c560d4b4,lenovo,LOQ Intel,34,3,2,11,5
9115b1b291,hp,OMEN 15,32,5,4,11,5
c911352c8a,acer,Nitro V,8,3,4,11,4
b6c6300b5d,lenovo,LOQ i5,31,3,4,11,4
4db5339859,lenovo,LEGION PRO,27,5,4,11,4
2a4805cfbe,nova,Pro(16/512) |,16,5,4,11,4
9a8e4564a4,lenovo,IdeaPad Slim,37,3,2,11,4
2d9c92ac94,lenovo,IdeaPad 5,25,5,4,11,5
482a3dc9e8,asus,TUF GAMING,42,3,2,11,4
a3a76149fc,apple,Macbook Air,45,4,2,4,3
7d6bab3b51,lenovo,Legion Slim,21,5,4,11,5
ebc0eec314,hp,VICTUS 15,19,3,2,11,4
b49b8f4260,hp,Victus 16,15,5,2,11,4
396ffebcbc,acer,Aspire 7,23,3,4,11,4
accb5128ab,lenovo,LOQ I5,17,3,2,11,4
15dd6d2987,lenovo,LOQ 15IRH8,21,3,2,11,5
4bac371ee5,acer,Predator Triton,40,5,4,7,5
c131a75970,msi,Thin GF63,20,3,4,11,4
d0c3b693ad,hp,Victus 15,16,3,2,11,5
2439fdc99b,hp,Omen Gaming,11,5,2,11,4
09e639c307,acer,Predator Helios,20,5,2,11,5
45db908af9,acer,Nitro 5,22,3,2,11,4
d1031007e4,acer,Nitro 5,30,5,2,11,5
0a8898f8ff,acer,Nitro V,17,3,4,11,5
8fe94089f6,lenovo,LEGION 5,30,5,4,11,4
559980a87c,acer,Nitro 5,20,3,2,11,5
3418a7b548,acer,Nitro 5,3,5,2,11,4
79731d3d4b,asus,TUF Gaming,41,3,2,11,4
851ece84ee,asus,TUF A15,39,5,2,11,4
58f341ae5b,acer,Nitro V,16,3,4,11,5
16054b1355,acer,Nitro 5,36,5,4,11,4
ebb923f57c,msi,Modern 15,42,5,2,11,4
437ddf6653,lenovo,LOQ Gaming,16,5,4,11,4
b2d3090fde,lenovo,LOQ I5,21,3,4,11,4
1f807bf12a,asus,TUF Gaming,20,5,4,11,4
084168b46c,acer,Predator Helios,24,5,4,12,5
f2007a2352,msi,Prestige 16,25,5,4,11,5
a1757761fb,lenovo,LOQ Gaming,45,5,4,11,5
adcfc1ddd8,acer,Nitro V15,65,3,2,11,4
959f894ba9,acer,Nitro V,47,3,2,11,4
16f92dc696,asus,TUF Dash,46,5,4,11,4
42cc9b4eb5,acer,Predator Helios,20,5,2,11,5
72803a625c,asus,ROG Zephyrus,15,5,4,11,5
2a12bb08cb,acer,Aspire 5,17,3,2,11,4
1dedd2387e,acer,Predator Helios,53,5,2,11,4
36fd6728a7,apple,Macbook Air,21,6,2,6,5
d09f67aa9f,acer,Nitro V,13,5,4,11,3
812f5073b3,acer,Aspire 5,18,3,2,11,4
16bc149275,hp,Omen 16,21,5,4,11,4
c08570a548,acer,Nitro 5,31,3,2,11,4
d05f0d276b,acer,Predator Helios,31,3,2,11,4
98ac7eabd6,acer,Predator Helios,33,8,4,11,4
b0d76ca874,hp,Victus 15,47,5,4,11,5
117277779e,msi,Katana GF66,38,5,4,11,4
3f6473cdaf,acer,Nitro V15,37,5,4,11,4
3ffa2642cc,dell,Inspiron G15,21,5,4,11,4
ce358c0327,asus,TUF Gaming,38,5,4,11,4
505db58202,lenovo,Legion Pro,15,5,4,12,5
58d245f057,acer,Predator Helios,27,5,4,11,4
a835a65298,acer,Nitro 5,28,3,4,11,4
1369cc82c1,asus,Rog Strix,38,5,2,11,4
08d81c4948,acer,Predator |,47,8,2,11,4
6452b6f8ae,acer,Nitro 5,46,3,4,11,5
b8f1967583,msi,GF63 Thin,29,3,2,11,4
bf346e613d,acer,Predator Helios,29,8,4,11,4
f323f080fd,acer,Predator Helios,17,5,2,11,5
dfbc52a9a7,dell,G5 15,25,5,4,11,5
e5a5b7b1ce,dell,Gaming ,31,3,2,11,5
478e48fc27,dell,Inspiron 7306,16,5,4,4,4
fc32dfa5af,acer,Aspire 5,20,3,2,7,4
600f0a8e92,level51,GG Gaming,21,5,4,11,3
092c02983a,lenovo,Legion 5,19,5,4,11,4
d344acf483,dell,G15 5520,17,5,4,11,4
ebcfb7f49a,msi,Modern 15,26,5,2,11,4
812aa304f1,asus,ROG Strix,18,5,4,11,4
7f70aed19a,lenovo,Legion 5,19,5,6,11,5
bcfd815af8,gigabyte,AERO 16,27,5,6,12,4
c7ababce9f,lenovo,LOQ 15,23,3,2,11,6
9f9825892d,asus,Tuf Gaming,35,5,4,11,5
b1e1984278,lenovo,ThinkPad X1,24,3,4,7,4
b653851ebb,hp,Victus Ryzen,21,3,2,11,4
384ef6809a,asus,ROG Strix,38,8,4,11,4
62d8b6d77c,lenovo,New Loq,19,3,4,11,5
68fd998fe4,acer,Nitro 5,48,5,2,11,4
e53649787d,msi,Raider GE68,35,5,6,11,4
8f06acafe2,lenovo,Legion 5,31,5,2,11,6
6921c45c2b,asus,ROG Strix,24,8,4,11,4
859f22d2f5,hp,Victus 15,32,5,4,11,5
d32d2f5bc9,dell,G15 5520,26,3,4,11,4
b5a3af4eb7,msi,GF63 Thin,21,3,2,11,4
1f6cfb53e5,lenovo,LOQ 15APH8,33,5,2,11,3
5c9ee48918,acer,Nitro 5,22,3,4,11,4
ccce4ac1eb,acer,Predator Helios,36,3,2,11,3
ea682b2955,msi,Katana GF66,22,3,4,11,4
c6ac90de98,acer,Aspire 5,21,3,2,7,4
103a5c18bc,dell,Alienware M15,67,5,6,11,3
75c78aaf0b,acer,Nitro 5,20,3,4,11,4
383635578c,msi,Thin GF63,31,3,4,11,5
86af204f4c,acer,Nitro 5,30,3,4,11,4
f13c51e540,acer,Predator Helios,18,3,2,11,4
4dd7e56d6c,lenovo,Legion 5,30,5,6,11,4
23e904390a,acer,Nitro 5,31,5,2,11,4
93aca4edf1,asus,TUF Gaming,21,3,2,11,5
01c16ccdf0,acer,NITRO 5,19,3,4,11,4
37c162d6df,acer,Nitro 5,24,3,2,11,4
15f59c2a18,acer,Nitro V,38,5,2,11,4
63f07bf9fb,hp,Victus 15,30,3,2,11,4
eab28db3bf,dell,G5 15,21,5,4,11,4
556256c120,acer,Predator Helios,38,5,4,11,4
14492c1ce7,asus,ROG Zephyrus,28,5,4,12,4
21eea4f5eb,acer,Nitro 5,30,3,2,11,5
08eb543d8c,acer,Nitro 5,27,3,2,11,4
a2e42302cd,acer,Aspire 5,35,3,2,11,4
d96d4b5594,hp,Victus 15,45,3,2,11,4
9480c9e888,acer,Nitro 5,30,3,4,11,4
ea30cd41cd,msi,GF65 /,5,3,4,11,4
f12f1974df,acer,Nitro 5,11,3,2,11,4
82d2d0a3df,dell,G5 2021,32,3,2,11,4
de0871d1cc,acer,Nitro 5,5,5,2,11,4
98e883f1a6,acer,Predator Helios,19,5,2,11,3
df8d881402,msi,Modern 14,21,3,2,7,4
7c29afb1b8,asus,ROG Strix,24,8,4,16,5
8b6e1d8281,acer,Nitro 5,22,5,4,11,4
8db36a08c6,dell,Alienware M15,21,5,4,11,5
be0b38d136,acer,Nitro 5,26,3,2,11,5
46951af779,asus,Rog Zephyrus,23,5,4,11,4
435fa933c8,acer,Nitro 5,29,5,2,11,4
c2f9db7add,acer,Predator Helios,57,5,2,11,4
f1edfd3877,acer,Nitro 5,19,5,2,11,4
c26d351187,acer,Nitro 5,38,3,2,11,5
964003f498,acer,Nitro 5,37,5,2,11,5
8289cca91b,acer,Predator Helios,5,5,4,11,4
3542824b3c,acer,Nitro 5,4,3,2,11,4
e0a3c719c8,acer,nitro 5,19,3,2,10,5
4820fbed78,asus,Tuf Dash,41,3,2,11,4
9fa6e9d358,msi,Modern 14,31,3,2,15,4
6f3d983b10,lenovo,Yoga C740,36,3,2,7,4
b36db51f5b,lenovo,IdeaPad 3,28,3,4,11,4
d14da0ef07,acer,Nitro V,21,3,2,11,3
70fde28fb8,acer,Nitro V15,36,5,4,11,4
df2a6adbf9,asus,TUF Dash,34,5,4,11,4
eac9a94f76,asus,Rog Strix,13,8,4,11,4
018fb12457,hp,Victus 16,47,5,4,13,4
8c0c1e79de,acer,Aspire 7,36,3,2,11,5
c6df0081ec,msi,Katana 15,5,5,4,11,4
3aa692be92,acer,Nitro 5,37,5,2,11,4
d261163b85,hp,Pavilion X360,19,2,2,7,5
b27cd4ff90,acer,NITRO V15,23,3,2,11,4
f8b91a4e92,asus,Rog Strix,52,8,4,11,2
43453d6c79,acer,Predator Helios,23,8,4,11,4
57310589f8,acer,Nitro 5,70,3,4,11,5
bfa3dfa0ea,asus,ROG Zephyrus,19,8,4,7,5
d6ce14cb6a,acer,Nitro 5,17,5,2,11,4
491aa14f4c,asus,TUF F15,38,3,2,11,5
36f066f337,hp,Victus 16,35,5,4,13,4
00bb04341a,acer,Nitro 5,5,5,4,11,4
1fb116d3ce,acer,Predator Triton,35,5,4,7,4
7541fa278c,dell,G5 2021,23,5,4,11,4
6dcea48bc2,asus,Tuf Fx505dt,31,3,2,11,4
f37cbfa800,asus,TUF FA506IH,53,3,2,11,4
4e88464adf,asus,ROG Zephyrus,30,8,6,12,3
f5215c5109,acer,Nitro V,41,3,2,11,4
11e03c63e7,lenovo,IdeaPad Slim,36,2,2,11,5
b7f73e6a08,acer,Nitro 5,22,5,4,11,4
6fb432b06a,hp,Omen 16,60,5,4,13,3
c71bd63d89,hp,Omen 16,31,5,4,13,4
786e303e6f,asus,ROG Zephyrus,36,8,4,11,4
976d5bab93,lenovo,Legion 5,29,5,4,11,4
03e6e390f4,acer,Nitro 5,38,5,2,11,5
190690c395,acer,Aspire 3,19,3,2,11,4
326f60c438,acer,Nitro 5,54,3,2,11,4
22542b2c00,asus,TUF Gaming,29,3,2,11,5
21bdc43161,asus,ROG Zephyrus,68,8,4,11,4
8d812968ec,asus,Tuf Gaming,31,3,4,11,4
28267ed5d7,asus,TUF F15,27,5,2,11,5
a06e41db07,acer,Nitro V15,52,3,2,11,4
610be21dfa,asus,ROG Zephyrus,21,5,4,11,5
ec924eb6ac,lenovo,IdeaPad Gaming,30,3,6,11,4
aab1cc259f,lenovo,Legion 5,13,5,4,11,5
d724271391,lenovo,Legion 5,20,3,2,11,4
22ee8e38d6,acer,Nitro 5,60,5,2,11,4
be6f6aea81,asus,ROG Strix,26,5,4,12,4
0b70210218,lenovo,New Loq,9,3,4,11,4
00e1edb5a9,asus,TUF Gaming,20,8,4,11,5
cd340ceca6,acer,Aspire 5,21,5,2,11,4
aa8d2bad16,acer,Nitro 5,35,5,4,11,5
a6a39de145,acer,Nitro 5,3,3,2,11,4
4ee36c4f81,lenovo,IdeaPad 3,19,5,2,11,5
37547df75f,dell,G5 G5510,67,5,4,11,4
f35dbd41d2,hp,Pavilion 15,53,3,2,11,4
23e2e10a5d,lenovo,Legion 5,44,5,4,11,4
a60b074ad5,acer,NITRO 5,16,3,2,7,4
175a481c44,asus,Zephyrus G15,9,8,4,11,4
d192fda8aa,acer,NiTRO 5,20,3,2,11,3
2700bc9b52,msi,GF65 i7,47,5,2,11,5
a1aacfa74e,lenovo,Legion 5,40,5,6,11,4
bd194620b4,asus,TUF Gaming,33,5,4,11,4
808f45cf9e,acer,Predator Helios,14,5,4,12,4
1a485afe46,asus,TUF A15,30,8,4,11,4
3937402007,acer,Nitro 5,14,3,2,11,5
43bc3a0bf3,acer,Predator Helios,31,3,4,11,5
0d6a784c9d,acer,Nitro 5,21,5,2,11,4
c3e63abbe8,lenovo,Legion 5,8,5,4,11,4
6b25db9e7d,razer,Blade 15,13,5,4,11,5
5061e732dc,msi,GF65 10UE,24,3,4,11,4
99fef61df1,acer,Swift X,27,5,4,7,3
eb742beb80,dell,G5 2021,20,3,4,11,4
54a0245f10,asus,ROG ZEPHYRUS,24,8,4,7,4
38138a6780,lenovo,Legion 5,26,5,4,11,4
edf21cae05,asus, ,51,3,2,11,5
25e1af1ff1,asus,TUF F15,5,3,2,11,4
6257a10c05,acer,Nitro 5,30,3,2,11,3
e39bbf4bbd,acer,Nitro 5,27,3,2,11,4
d39493599a,acer,Predator Triton,26,5,4,7,4
aecd7c816e,asus,TUF Dash,34,5,4,11,3
e463e175c2,hp,OMEN 11th,23,5,4,11,4
464096e18a,lenovo,Legion 5,20,5,4,11,5
8918203142,acer,Nitro 5,71,5,4,11,5
5f3dd30207,lenovo,Legion 5,14,5,4,11,5
0dbd14356f,msi,Modern 15,23,3,2,11,3
8441441f62,hp,Victus 15,16,3,2,11,5
5fdbf6a06a,msi,GF63 Thin,51,5,2,11,4
44c7231f46,hp,Victus 16,33,5,4,13,4
fd1222a70b,asus,TUF A15,20,5,2,11,4
4f4de6a4b8,acer,Predator Helios,19,5,4,11,4
0af0968f90,asus,G513QE HN136T,22,5,4,11,4
4977282698,acer,Predator Helios,32,5,4,11,5
6f16ad9cf7,asus,Rog Zephyrus,7,8,4,12,4
66613a50c0,dell,Alien ware,16,5,4,7,5
167c1cad67,acer,Nitro 5,4,5,2,11,5
8de14bbb68,acer,Nitro 5,34,3,2,11,4
9d6d2d0554,lenovo,Legion 5,5,5,4,11,4
513b4cec24,acer,Predator Triton,34,5,4,11,4
e1690d94a9,asus,TUF Gaming,23,5,4,11,4
edb32dca3a,asus,ROG Strix,15,5,2,11,4
a9dcc33860,msi,GL75 Leopard,37,5,4,16,4
934324a829,asus,Rog Zephyrus,22,5,4,12,4
d583c2161b,hp,Victus 15,6,3,2,11,4
5af543179e,hp,Omen 16,17,5,4,13,5
deced34f2e,lenovo,Legion 5,11,5,4,11,3
574c2806ed,lenovo,Legion 5,10,5,4,11,4
a9cd5e1a5a,acer,nitro 5,23,3,2,11,4
54536f3a3f,asus,Tuf Gaming,21,5,4,11,4
a3d4ab86b0,asus,ROG Strix,43,8,4,11,4
d9c18dd170,msi,Prestige 16,23,5,4,11,4
35012e43a9,asus,TUF A15,19,8,4,11,5
b8f7e26542,hp,Victus Gaming,24,5,4,11,5
b45ceec904,lenovo,Legion 5,24,5,4,11,5
588059638e,hp,VICTUS 15,51,3,2,11,4
52082266b8,acer,Predator Helios,54,5,2,12,3
dc45f8a266,asus, ,11,5,2,11,4
12afcb851b,hp,NoteBook 14,12,2,1,7,4
2f60ad0089,asus,ROG Strix,19,5,4,11,4
22b0d70ca3,lenovo,Legion 5,15,5,2,11,2
f76d3b8dfd,acer,Predator Helios,12,5,4,11,4
23ed3d11ad,asus,Tuf Gaming,26,3,2,11,4
a8e68712ea,asus,E410M /,7,1,1,7,5
cb9f99dcc0,lenovo,Legion 5,19,8,4,12,4
5d49c769b0,asus,ROG Zephyrus,20,5,4,11,3
68c8f6ac64,dell,Wyse 5740,68,1,2,7,5
79770e29d4,acer,Aspire 5,13,3,2,11,5
5dcfa92b7a,lenovo,Legion 5,10,5,4,11,3
07bfc2265c,hp,Laptop 15s,9,3,2,11,4
6f1e11a944,dell,Vostro 3510,26,3,2,11,4
fa13d9eccc,hp,14 ,15,1,2,7,5
46991c151a,hp,Envy x360,8,5,2,7,3
29f82e0fd3,acer,Nitro 5,9,3,4,10,4
0ae7aa7575,asus,VivoBook 14,16,1,1,7,3
28da0d9362,lenovo,Ideapad 1,13,1,1,7,4
2e0c70073f,lenovo,IdeaPad Slim,13,3,4,11,3
181d98c372,asus,ZenBook UX3402VA,16,5,2,7,2
e832f0e9ac,dell,Latitude 5430,10,3,2,7,4
fd3907e277,dynabook,Portege X30W,9,5,4,4,4
5cc1e1efc4,msi,Cyborg 15,18,5,4,11,4
5988b995a7,lenovo,V14 Ryzen,16,3,2,7,5
0cfed20852,lenovo,LOQ 15APH8,19,5,2,11,4
c88b19f236,asus,"Vivobook 14""",10,3,2,7,4
450cfddb45,dell,Vostro 3515,16,5,2,11,4
0a9b4fdb34,lenovo,Thinkpad X13,10,3,2,4,4
8ea1db47d6,lenovo,ThinkBook 13s,16,3,2,4,4
9a298cbe0f,lenovo,FLEX 5,22,3,2,7,3
95d9f582a2,avita,LIBER E,10,3,2,11,4
d5365da73b,acer,Aspire 5,13,2,2,11,3
01171bb8f9,lenovo,YOGA 6,14,5,2,4,3
b155edfe46,lenovo,YOGA 6,16,3,2,4,3
594ecac6f7,dell,5470 |,16,1,2,7,3
06f962753a,dell,Inspiron 3511,36,3,2,11,4
9876851eb8,dell,Vostro 3400,21,2,2,7,3
f8c68b4f33,acer,Aspire 3,23,3,1,11,4
3459f20f94,hp,Laptop 15S,16,3,2,11,3
7e97bd7de8,hp,Envy x360,16,3,2,7,5
ddf16c064a,dell,lnspiron 15,12,3,2,11,4
1bb2493987,dell,Vostro 3520,36,2,2,11,4
e064071863,lenovo,ThinkBook 13s,71,3,2,4,4
e1f7a77acb,hp,15 ef2126wm,15,3,2,11,4
f39eeac632,acer,Aspire 3,26,3,2,11,3
4662d986c2,hp,15 DY2095,11,3,2,11,3
610792d352,dell,VOSTRO 3400,15,2,1,7,4
3866c16d13,hp,Victus 15,15,3,2,11,3
3197ec7aae,asus,VivoBook F1502ZA,17,5,4,11,5
33401255a1,acer,Aspire 5,9,2,1,11,4
f7f88f05b1,hp,EliteBook 640,21,3,4,7,4
8f52f0632c,acer,Aspire 3,7,3,2,11,4
d176b7e7f1,dell,Inspiron 5493,68,3,2,7,4
7e54286589,dell,Vostro 3510,21,5,2,11,4
8fe47de820,asus,14 E410M,6,1,1,7,3
f26bfb4da9,dell,Inspiron 15,18,3,2,11,3
4dfdbf96c4,asus,Zenbook Core,16,3,2,4,3
1e3a15a848,acer,Spine Chromebook,11,3,2,5,2
ba26f342e7,acer,Nitro V,22,3,2,11,4
46cf503ed9,asus,ExpertBook B1400,13,3,5,7,5
0dfe0b80e8,hp,Victus 15,15,3,2,11,4
70d69baf9d,acer,Nitro 16,23,3,4,11,4
2e82c84ee9,asus,E410M EK,5,1,1,7,3
cab5ed5806,acer,NITRO5 AMD,17,3,2,11,4
ba90e83272,acer,Nitro 5,23,3,2,11,4
a3d870d317,acer,Nitro 16,21,3,4,12,4
d779f062a2,acer,Predator Helios,36,5,4,12,5
dfa8941824,acer,Predator Helios,36,5,4,12,5
e449fba4b7,lenovo,LEGION 5,32,5,4,11,4
7a373ff452,msi,GF 65,24,5,2,11,4
95d1054ec0,acer,Nitro 16,26,5,4,12,4
53535200b1,asus,ROG STRIX,43,5,4,12,5
6f2a9e1e7e,asus,ROG Strix,68,5,4,11,4
8207f65a1c,dell,Alienware M15,71,5,4,11,5
631f891b55,hp,Victus 15,15,3,2,11,4
b45a131f37,hp,Victus 15,17,3,2,11,4
3d816b1ece,asus,Vivobook 15,20,3,2,11,4
2fd6c52829,asus,Vivobook X413Ja,9,2,1,7,2
